,Danh mục các loài Cây thuốc ở khu bảo tồn thiên nhiên Bà Bà,,,,,,,,,,,,,,,Ô,,,,,,,,,,,,,,,,,,,,,,,,,,,,,,,,,,,,,,,,,
STT,Tên cây,Ô1,Ô2,Ô3,Ô4,Ô5,Ô6,Ô7,Ô8,Ô9,Ô10,Ô11,Ô12,Ô13,Ô14,Ô15,Ô16,Ô17,Ô18,Ô19,Ô20,Ô21,Ô22,Ô23,Ô24,Ô25,Ô26,Ô27,Ô28,Ô29,Ô30,Ô31,Ô32,Ô33,Ô34,Ô35,Ô36,Ô37,Ô38,Ô39,Ô40,Ô41,Ô42,Ô43,Ô44,Ô45,Ô46,Ô47,Ô48,Ô49,Ô50,Ô51,Ô52,Ô53,Ô54,Ô55,Ô56
1,Ba chạc,2,0,,,,,,,,,,,,,,,,,,,,,,,,,,,,,,,,,,,,,,,,,,,,,,,,,,,,,,
2,Ba gạc,0,0,,,,,,,,,,,,,,,,,,,,,,,,,,,,,,,,1,,,,,,,,,,,,,,,,,,,,,,
3,Bách Bộ,0,0,,,,,,,,,,,,,,,,,,1,,,,,,,,,,,,,,,,,,,,,,,,,,,,,,,,,,,,
4,Bạch chỉ,0,0,,,,,,,,,,,,,,,,,,,,,,,,,,,,,,,,,,,,,,,,,,,,,,,,,,,,1,,
5,Bạch Đồng Nữ,0,0,,,,,,,,,,,,,,,5,,,8,,,,,,,,,,,,,,,,6,,,,,,,,,,,,2,,2,,,,,,
6,Báng,0,0,,,,,,,,,,1,,,,,,,,,,,,,,,,,,,,,,,,,,,1,,,,,,,,,,,,,,,,,
7,Bí ngô,0,0,,,,,,,,,,,,,,,,,,,,,,,,,,,,,,,,,,,,,,,,,,,,3,,,,,5,,,,,
8,Bình Vôi,0,0,,,2,,,,,1,,1,,,,1,,,,,,,,,,,,,,,,,,,,,,,,,,,,,,,,,,,,1,,,,
9,Bồ công anh cao,0,0,,,,,,,,,,,,,,,,,,,,,,,,,,,,,,,,,,,,,,,,,,,,,,,,,,,,1,,
10,Bổ cốt toái,0,0,,,,,,,,,,,,,,,,,,,,,,,,,,,16,,,,,2,,,,,,,,,,,,,,,,,,,,,,
11,Bồ Cu vẽ,0,0,,,,,,,,,,,,,,,,,,5,,,,,,,,,,,,,,,,,,,,,,,,,,,,,,,,,,,,
12,Bọ Mảy,0,0,,,,,,,,,,,,,,,,,,,,,1,,,,,1,,,,,,,,,,,,,,,,,,,,,,,,,,,,
13,Bòng bong,0,0,,,,,,,,,,,,6,,,,,,,,,,,2,,,,,,,,,,,6,,,,,,,,,2,4,,,,,,,,,,
14,Bông ổi,0,0,,,,,,,,,,,,,,,,,,,6,,,,,,,,,,,,,,,,,,,,,,2,,,,,3,,,1,,,,,
15,Bông trang trắng,0,0,,,,,,,,,,,,,,,,,,,,,,,,,,,,,,,,,,,,,,,,,,,,,,,,,,,1,,,
16,Bôồ công anh thấp,,,,,,,,1,,,,,,,,,,,,,,,,,,,,,,,,,,,,,,,,,,,,,,,,,,,,,1,,,
17,Bọt ếch,0,0,,,,,,,,,,,,,,,,,,,,,,,1,,,,,,,,,,,,,,,,,,,,,,,,,,,,,,,
18,Bùm bụp,0,0,,,,,,,,,,,,,,,,,,,,,,,,,,,,,,,,,,,,,,,,,,,3,,4,,,,1,,,,,
19,Bưởi,0,0,,,,,,,,,,,,,,,,,,,,,,,,,,,,,,,,,,,,,,,,,,,1,,,,2,1,,,,,,
20,bưởi  bung,1,0,,,,,,,,,4,,,,,,,,,,,,,,,,,,,,,,,1,,,,,,,,,,,,,,,,,,,,,,
21,Bướm Bạc,0,0,,,1,,,,,1,,,,,2,,,,,,,,,,,,,1,,,,,,,,,1,,,,,,,,,,,,,,,,,,,
22,Cà gai trắng,0,0,,,,,,,,,,,,,,,,,,,,,,,,,,,,,,,,,,,,,,,,7,,14,,,,,,,,,,,,
23,Cam thảo đất,0,0,,,,,,,,,,,,,,,,,,,,,,,,,,,,,,,,,,,,,,,,,,,,,,,,,,,,1,,
24,Cam thảo dây,0,0,,,,,,,,,,,,,,,,,,,,,,,,,,,,,,,,,,,,,,,,,,,,,,,,,,,1,,,
25,Càng cua,0,0,,,,,,,,,,,,,,,,,,,,,,,,,,,,,,,,,,,,,,,,,,,,,,,10,,,5,,,,
26,Cau,,,,,,,,,,,,,,,,,,,,,,,,,,,,,,,,,,,,,,,,,,,,,,,,,,,,,6,,,
27,Cầu đằng,0,0,,,,,,,,2,,,,,,,,,,,,,,,,,,,,,,,,,,,,,,,,,,,,,,,,,,,,,,
28,Cây hoa dương,0,0,,,,,,,,,,,,,,,,,,,,,,,,,,,,,,,,,,,,,,,,,,,,1,,,,,,,,,,
29,Cây Hồi,0,0,,,,,,,,,,,,,,,,,,,,,,,,,,,,,,,,,,,,,,,,,,,,,,,,,,,,,,
30,Cây Mắc Khén,0,0,,,,,,,1,,,,,,,,,,,,,,,,,,,,,,,,,,,,,,,,,,,,,,,,,,,,,,,
31,Cây Rum,0,0,,,,,,,1,,,,,,,,,,,,,,,,,,,,,,,,,,,,,,,,,,,,,,,,,,,,,,,
32,Cây Tầm Gửi,0,0,,,,,,,,1,,,,,,,,,,,,,,,,,,,,,,,,,,,,,,,,,,,,,,,,,,,,,,
33,cây thông thiên,0,0,,,,,,,,,,,,,,,,,,,,,1,,,,,,,,,,,,,,,,,,,,,,,,,,,,,,,,,
34,Cây thuốc mọi,,,,,,,,,,,,,,,,,,,,,,,,,,,,,,,,,,,,,,,,,,,,,,,,,,,,,,,,
35,Chạc Chìu,1,0,,,,,,,1,,,,,,,,,,,,,,,,1,,,,,,,,1,,,,,,,,,,1,,,,,,,,,,,,,
36,Chẩn,0,0,,,,,,,,,,,,,,,,,,,,,,,,,,,,,,,,,,,,1,,,,,,,,,,,,,,,,,,
37,Chân Chim,0,0,,,,,,,,,,,,,,,,,,,,,,,,,,,8,,,,,,,,,,,,,,,,,,,,,,,,,,,
38,Chân Voi,0,0,,,,,,,,,,,,,,,,,,,,,,,,134,121,98,,,,,,,,,,,,,,,,,,,,,,,,,,,,
39,Chanh,0,0,,,,,,,,1,,,,,,,,,,,,,,,,,,,,,,,,,,,,,,,,,,,,,,,,,1,1,,,,
40,châu cổ,0,0,,,,,,,,,,,2,,,,,,,,,,,,,,,,,,,,,,,,,,,,,,,,,,,,,,,,,,,
41,Chè,0,0,,,,,,,,,,,,,,,,,,,,,,,,,,,,,,,,,,,,,,,,,21,,22,,,,15,,,,,,,
42,Chè Camenia,0,0,,,,1,,,,,,,,,,,,,,,,,,,,,,,,,,,,,,,,,,,,,,,,,,,,,,,,,,
43,Chè dây,0,0,,,,,,,,,,,,,,,2,,,,,,,,,,,,,,,,,,,,,,,,1,,,,,,,,,,,,,,,
44,Chè vằng,0,0,,,,,,,,,,,,,,,,,,,,,1,,,,,,,,,,,,,,,,,,,,,,,,1,,,,,,,,,
45,Chó đẻ răng cưa thân trắng,0,0,,,,,,,,,,,,,,,,,,122,,,,,,,,,,,,,,,,,,,,,98,,26,78,,,,,,,17,28,,,,
46,Chó đẻ thân đỏ,0,0,,,,,,,,,,,,,,,,,,,,,,,,,,,,,,,,,,,,,,,16,,,,,,,,,,5,7,,,,
47,Chua me đất hoa vàng,0,0,,,,,,,,7,,,,,,,,,,,,,,,,,,,,,,,,,,,,,,,,,,41,,,,,3,4,,,6,,,
48,Chua me hoa đỏ,0,0,,,,,,,,,,,,,,,,,,,,,,,,,,,,,,,,,,,,,,,,,,,,,,,,5,,,,,,
49,Chua ngút,0,0,,,,,,,,,,,,1,,,,,,,,,,,,,,,,,,,,,,,,,,,,,,,,,,,,,,,,,,
50,Chuối Rừng,0,0,,,,,,,,,,,,,,6,,,,,,,,,,,,,,,,,,,,,3,,,,,,,,,,,,,,,,,,,
51,Cỏ củ ấu,0,0,,,,,,,,,,,3,,,,,,,,,,,,,,,,,,,,,,,,,,,,,,,,,,,,,,,,,,,
52,Cỏ hôi,0,0,,,,,,,,,,,,,,,,,,,,,,,,,,,,,,,,,,,,,,,,,,15,,,,,,,,20,,,,
53,Cổ Kén ,0,0,,,,,,,,,,,,,,,,,,6,,,,,4,,,3,,,,,,,,,,,,,,,,,,,,,,,,,,,,
54,Cỏ lá tre,0,0,,,,,,,,,,,,,,9,,,,,,,,,,,,,,,,,,,,,,,,,,,,,,,,,,,,,,,,
55,Cỏ Lào,0,0,,,,,,,,,,,,,,11,,,,,,,,,,,,,,,,,,,,,,,,,,,,25,,,9,13,,,7,,,,,7
56,Cỏ nhọ nồi,0,0,,,,,,,,,,,,,,,,,,,,,,,,,,,,,,,,,,,,,,,,,,,,,,,,,,,,,,
57,Cỏ Roi Ngựa,0,0,,,,12,,,,,,,,,,,,,,,,,,9,,,,7,14,,,,,,,,17,,,,,,,18,,,5,,,,,,,,,
58,Cỏ sữa lá lớn,,,,,,,,,,,,,,,,,,,,,,,,,,,,,,,,,,,,,,,,,,,,,,,,1,,,,,2,,,
59,Cỏ sữa lá nhỏ,0,0,,,,,,,,,,,,,,,,,,,,,,,,,,,,,,,,,,,,,,,,,,,,,,,,,1,,,,,
60,Cỏ Xeo Gà,0,0,,,,,,,2,,,,,,,,,,,,,,,,,,,,,,,,,,,,,,,,,,,,,,,,,,,1,,,,
61,Cỏ xước,0,0,,,,,,,,,,,,,,,,,,,,,,,,,,,,,,,,,,,,,,,,,,,,,,,3,,,,10,,,
62,Cúc  vàng,0,0,,,,,,,,,,,,,,,,,,,21,,,,,,,,,,,,,,,,,,,,,,,,,,,,,,,,,,,
63,Cúc Sữa,0,0,,1,,,,,,,,,,,,,,,,,,,,,,,,,,,,,,,,,,,,,,,,,,,,,,,,,,,,
64,Cúc Tần,0,0,,,,,,,,,,,,,,,,,,,,10,,,,,,,,,,,,,,,,,,,,,,,,,,,,,,4,,,,
65,Cuống Vàng,1,2,,,,,,,,,,,,,,,,,,,2,,,,,,,,,,,,,,,,,,,,,,,,,,,,,,,,,,,
66,Cứt chuột,0,0,,,,,,,,,,,,,,,,,,,,,,,1,,,,,,,,,,,,,,,,,,,,,,,,,,,,,,,
67,cứt lợn,0,0,,,,,,,,,,,,,,,,,,,,,,,,,,,,,,,,,,18,14,,,,,,,,,,,,,,,9,,,4,
68,Đa đa,0,0,,,,,,,,,,,,,,,,,,,,,,1,,,,,,,,,,,,,,,,,,,,,,,,,,,,,,,,
69,Đại Bi,0,0,,,,,,3,,,,,,,,,,,,,,,,,,,,,,,,,,,,,,,,,,,,,,,,,,,,,,,,
70,Dâu dịu,0,0,,,,,,,,,,,,,,,,,,,,,,,,,1,,,,,,,,,,,,,,,,,,,,,,,,,,,,,
71,Dây máu chó,0,0,,,,,,,,,,,,,,,,,,,,,,,,,,,,1,,,,,,,,,,,,,,,,,,,,,,,,,,
72,Điều nhuộm,0,0,,,,,,,,,,,,,,,,,,,,,1,,,,,,,,,,,,,,,,,,,,,,,,,,,,,,,,,
73,Đinh lăng,0,0,,,,,,,,,,,,,,,,,,,,,,,,,,,,,,,,,,,,,,,1,,,,,,,,,,,,1,,,
74,Đơn buốt,0,0,,,4,,,,,,,,7,,,,,,,,,,,,,,,,,,,,,,,,,,,,,,,,,,,,,,,,,,,
75,Đơn Châu Chấu,0,0,,,,,,,3,,,,,,,,,,,,,,,,1,,,,,,,,,,,,,,,,,,,,,,,,,,,,,,,
76,Đồng tiền,0,0,,,,,,,,,,,,,,,,,,,,,,,,,,,,,,,,,,,,,1,,1,,,,,,,,,,,,,,,
77,Dù Dẻ,0,0,,,,,,,,,,,,,,,,,,,,,,,,1,,,,,,,,,,,,,,,,,,,,,,,,,,,,,,
78,Đu đủ đực,0,0,,,,,,,,,,,,,,,,,,,,,,,,,,,,,,,,,,,,,,,,,1,,,,,,,,,,,,,
79,Dứa,0,0,,,,,,,,,,,,,,,,,,,,,,,,,,,,,,,,,,,,,,,,,,,,,,,20,,,,,,,
80,Dừa,0,0,,,,,,,,,,,,,,,,,,,,,,,,,,,,,,,,,,,,,,,,,,,,,,,,,,,,5,,
81,Dừa  cạn hoa đỏ,0,0,,,,,,,,,,,,,,,,,,,,,,,,,,,,,,,,,,,,,,,,,,,,,,,,1,,,1,,,
82,Dừa  cạn hoa trắng,0,0,,,,,,,,,,,,,,,,,,,,,,,,,,,,,,,,,,,,,,,,,,,,,,,,,,,1,,,
83,dứa dại,6,0,,,4,,,,,,8,,,,,,,,,,,,,,,,,,,7,8,,,,,,,,,6,,,,,,,,,,,,,,,,
84,Dướng,0,0,,,,,,,,,,,2,,,,,,,,,,,,,,,,,,,,,,,,,,,,,,,,,,,,,,,,,,,
85,Gấc,0,0,,,,,,,,,,,,,,,,,,,,,,,,,,,,,,,,,,,,,,,,,,,,1,,,,,,,,,,
86,Gáo trắng,,,,,,,,,,,,,,,,,,,,,,,,,,,,,,,,,,,,,,,,,,,,,,1,,,,,,,,1,,
87,Ráng Dừa Đông,0,0,,,,,,1,,,,,,,,,,,,,,,,,,,,,,,,,,,,,,,,,,,,,,,,,,,,,,,,
88,Giảo cổ Lam,0,0,,,,,,,,,,3,,,,,,,,,,,,,,,,,,,,,,,,,,,,,,,,,,,,,,,,,,,,
89,Hà Thủ Ô Trắng,0,0,,,,2,,,,,,,,,,,,,,,,,,,,1,,1,,,,,,,,,,,,,,,,,,,,,,,,,,,,
90,Hoài sơn,0,0,,,,,,,,,,,,,,,,,,,,,,,,,,,10,6,7,5,3,5,,,,,,5,,,,,,,,,,,,,,,,
91,Hồi Núi,1,15,,,,9,,5,,,,2,,,,,,,,,,,,,,,,,1,,6,,12,,,,,,,,,,,,,,,,,,,,,,,
92,Hồng bì rừng,0,0,,,,,,,,,,,,,,,,,,1,,,,,,,,,,,,,,,,,,,,,,,,,1,,,,,,,,,,,
93,Hồng Tùng,0,0,1,,,,,,,,,,,,,,,,,,,,,,,,,,,,,,,,,,,,,,,,,,,,,,,,,,,,,
94,Hương nhu tía ,0,0,,,,,,,,,,,,,,,,,,,,,,,,,,,,,,,,,,,,,,,,,,,,,,,,,,,,,,
95,Hương nhu trắng,0,0,,,,,,,,,,,,,,,,,,,,,,,,,,,,,,,,,,,,,,,2,,,,,,,,,,,,,,,
96,Huyết đằng,0,0,,,,,,,,,,,,,,,,,,,,,,,,,,,,,,,,,,,,,,,,,,,,,,,,,,,,,,
97,Huyết dụ,,,,,,,,,,,,,,,,,,,,,,,,,,,,,,,,,,,,,,,,,,,,,,,,1,,,,,,,,
98,Ích mẫu,,,,,,,,,,,,,,,,,,,,,,,,,,,,,,,,,,,,,,,,,,,,,,,,,,,3,,,,,
99,Ké Hoa Đào,0,0,,4,13,,,,,,,,15,,,6,,,,,,,,17,,,,7,,,,,,,,16,9,,,,,,,27,,,9,16,,,3,,,,,5
100,Ké hoa vàng,0,0,,,,,,,,,,,,,,,,,,,,,,,,,,,,,,,,,,,,,,,,,4,2,,,,5,,,,,,,3,
101,khế,0,0,,,,,,,,,,,,,,,,,,,,,,,,,,,,,,,,,,,,,,,1,,,,,,,,1,,1,,1,,,
102,Khổ qua rừng,0,0,,,,,,,,,,,,,,,,,,,,,,,,,,,,,,,,,,,,,,,,,,,,,,,,,,,,4,,
103,Khôi Tía,0,0,,,,,,,,,,,,,,,,,,,,,,,,,,,,,,1,,,,,,,,,,,,,,,,,,,,,,,,
104,khúc khắc,0,0,,,,,,,,,3,,,,,,,,,,,,,,,,,,,,,,,,,,,,,,,,,,,,,,,,,,,,1,
105,Kim Giao,0,0,,,,,,,,,,1,,,,,,,,,,,,,,,,,,,2,,,,1,,,,,,,,,,,,,,,,,,,,,
106,Lá Lốt,0,0,,,,,,,,,,,,,,,,,,,135,,,,,,,,,,,,,,,,,,,,,34,12,46,,,,,,,,27,,,,
107,Lạc rừng,0,0,,,,,,,,,,,,,,,,,,,,,,,,,,,,,,,,,,,,,,,,,,,,,,,,,,,,,,
108,Lạc tiên,0,0,,,,,,,,,,,,,,,,,,,,,,,,,,,,,,,,,,,,,,,,,,,,,,,1,,,,,,,
109,Lan Kim tuyến,0,0,,,,,,,,,,,,,,,,,,,,,,,,,,,,,,,,,,,,1,,,,,,,,,,,,,,,,,,
110,Láu,0,0,,,,,,,,,,,,,,,,,,,,,,1,,,,,,,,,3,,,,,,,,,,,,,,3,,,,,,,,,
111,Lộc vừng,0,0,,,,,,,,,,,,,,,,,,,,,,,,,,,,,,,,,,,,,,,,,,,,,,,,2,1,,,,,
112,Long tu,0,0,,,,,,,,,,,,,,,,,,,,,,,,,,,,,,,,,,,,,,,,,,,,,,,,,,,2,,,
113,Lu Lu Đực,0,0,,,,,,,,,,,,,,,,,,,,,3,,,,,,,,,,,,,,,,,,,,,,,,,,,,,,,,,
114,Lược vàng,0,0,,,,,,,,,,,,,,,,,,,,,,,,,,,,,,,,,,,,,,,,,,,,,,,,,,,25,,,
115,Lưỡi rắn,0,0,,,,,,,,1,,,,,,,,,,,,,,,,,,,,,,,,,,,,,,,,,,,,,,,,,,,,,,
116,Mã đề,0,0,,,,,,,,,,,,,,,,,,,,,,,,,,,,,,,,,,,,,,,26,,,,,,,,,,,18,,,,
117,Mâm Xôi,0,0,,,,,2,,,,,,,,,,,,,,,,,,,,,,,,,,,,,,,,,,,,,,,,,,,,,,,,,
118,Màng màng,0,0,,,,,,,,,,,,,,,,,,,,,,,,,,,,,,,,,,,,,,,,,4,,1,,,,,,,,,,,
119,Mật Nhân,16,9,,,,,,,,,,5,,,,,,,,,,,,,,,,,,,5,,,13,9,,,,,8,,,,,,,,,,,,,,,,
120,Mắt Trâu cong,0,0,,,,,,,,,,,,,,,,,,,3,,,,,,,,,,,,,,,,,,,,,,,,,,,,,,,,,,,
121,Mẫu đơn,0,0,,,,,,,,,,,,6,8,,,,,,,,,,,,,,,,,,,,,,,,,,,,,,,,,,,,,,,,,
122,mía dò,0,0,,,,,,,,,7,,,,,,,,,,,,,,,,,,,,,,,,,,,,,,,,,,,,,,,,,,,,,
123,Mít nài,0,0,,,,,,,,,,,1,,,,,,,,,,,,,,,,,,,,,,,,,,1,,,,,,,,,,,,,,,,,
124,Mơ tam thể,0,0,,,,,,,,,,,,,,,,,,,,,,,,,,,,,,,,,,,,,,,,,,,,1,,,,,,,,,,
125,Mơ Trơn,0,0,,,,,,,,,,,,,,,,,,,,,1,,,,,,,,,,,,,,,,,,,,,,,,,,,,,,,,,
126,Mộc hương,0,0,,,,,,,,,,,,,,,,,,,,,,,,,,,,,,,,,,,,1,,,,,,,,,,,,,,,,,,
127,Mua,0,0,,,,,4,,,,,,,,,14,,22,,,,,,3,,,,,,,,,,,,,7,,,,,4,,,8,,7,,,,,,,,2,
128,Mùi tàu,0,0,,,,,,,,,,,,,,,,,,,,,,,,,,,,,,,,,,,,,,,,,,,,,,,,,,,,16,,
129,Muối,0,0,,,,,,,1,,,,,,,,,,,,,,,,,,,,,,,,,,,,,,,,,,,,,,,,,,,,,,,
130,muồng muỗng,0,0,,,,,,,,,3,5,,,,8,,,,,,,,2,,,4,2,,,,,,,,,,,,,,,,,,,,,,,,,,,,
131,Muồng Thuổng,0,0,,1,,,,,,,,,,,,,,,,,,,,,,,,,,,,,,,,,,,,,,,,,,,,,,,,,,,,
132,Náng,0,0,,,,,,,,,,,,,,,,,,,,,,,,,,,,,,,,,,,,,,,,,,,,,,,,,,1,,,,
133,Ngái,0,0,,,,,,,,,,,,,,1,,,,,,,,,,,,,,,,,,,,,,,,,,,,,,,,,,,,,,1,,
134,Ngãi cứu,0,0,,,,,,,,,,,,,,,,,,,,48,,,,,,,,,,,,,,,,,,,,,,,,,,,,,,9,,,,
135,Ngành Ngạnh,0,0,,,,3,,,,,,,,,,,,,,,,,,,,,,,,,,,,,,,,,,,,,,,,,,,,,,,,,,
136,Ngâu,0,0,,,,,,,,,,,,,,,,,,,,,,,,,,,,,,,,,,,,,,,,,,,,,,,,1,,,,,,
137,Nghể,0,0,,,,,,,,,,,,,,,,,,,1,,,,,,,,,,,,,,,,,,,,,,,,,,,,,,,,,,,
138,Nghệ ,0,0,,,,,,,,,,,,,,,,,,,,,,,,,,,,,,,,,,,,,,,,,,,,,,,,,,,,,,
139,Nghệ Rừng,0,0,,,,7,,,8,,,,,,,,,,,,,,,,,,,,,,,,,,,,,,,,,,,,,,,,,,,,,,,
140,Nghễnh Bà,0,0,,,,1,,,,,,,,,,,,,,,,,,,,,,,,,,,,,,,,,,,,,,,,,,,,,,,,,,
141,Nhài,0,0,,,,,,,,,,,,,,,,,,,,,,,,,,,,,,,,,,,,,,,,,,,,,,,1,,,,,,,
142,Nhân trần,0,0,,,,,,,,,,,,,,,,,,,,,,,,,,,,,,,,,,,,,,,,,,,,,,,,,,,,,,
143,Nhàu,0,0,,,,,,,,,,,,,,,,,,,,,,,1,,,,,,,,,,,,,,,,,,,,,,,,,,,,,,,
144,Ổ Kiến,0,0,,,,,,,,,,,,,,,,,,,,,,,,,,,1,,,,,,,,,,,,,,,,,,,,,,,,,,,
145,Ổi,0,0,,,,,,,,,,,,,,,,,,,,,,,,,,,,,,,,,,,,,,,1,,,,,,,,,,,,,,,
146,Ớt,0,0,,,,,,,,,,,,,,,,,,,,,,,,,,,,,,,,,,,,,,,,1,,,,,,,,,,,,,,
147,Phèn Đen,0,0,,,,,,,,,,,,,,,,,,5,,,,,,,,,,,,,,,,,,,,,,,,,,,,6,,,,,,,,
148,Quyển Bá,32,111,,,,,,,,,,,,,,,,,45,,,,,21,,17,,14,,43,51,,78,56,,,,,,62,,,,,,,,,,,,,,,,
149,Rau dớn,,,,,,,,,,,,,,,,,,,,,,,,,,,,18,,,,,,,,,,,,,,,,,,,,,,,,,,,,
150,Râu Hùm,0,0,,,,,,,,,,,,,,,,,,,,,,,,,,,,,,,,,,,,5,,,,,,,,,,,,,,,,,,
151,Rau má,0,0,,,,,,,,,,,,,,,,,,276,,,,41,,,232,,,,,,,,,67,,,,,,,,56,,,,,,,24,,,56,,
152,Rau má lá rau muống,0,0,,,,,,,,,,,,,,3,,,,,,,,,,,,,,,,,,,,,,,,,,,,,,,,,,,,1,,,,
153,Râu Mèo,0,0,,,,,,,,146,,,,,,,,,,,,,,,,,,,,,,,,,,,,,,,,,,,,,,,,,,,,,,
154,Rau ngót,0,0,,,,,,,,,,,,,,,,,,,,,,,,,,5,,,,,,,,,,,,,,6,,,2,2,4,,,,,,,12,,
155,Ráy,0,0,,,,,,,,,,,,,,,,,,,,,,,,,,,,,,,,,,,,,,,,,,,1,,,,,,,,,1,,
156,Rẽ quạt,4,0,,,,,,,,,,,,,,,,,,,,,,,,,,,,,,,,6,,,,,,,,,,,,3,,,,,,,1,,,
157,Sả,0,0,,,,,,,,,,,,,,,,,,,,,,,,,,,,,,,,,,,,,,,,,,,,7,,,,6,,,12,,,
158,Sà Bì,0,0,,,,,3,,,,,,,,,,,,,,,,,,,,,,,,18,,,,,,,,,,,,,,,,,,,,,,,,,
159,Sakê,0,0,,,,,,,,,,,,,,,,,,,,,,,,,,,,,,,,,,,,,,,,,,,,1,,,,,,,,,,
160,Sâm Cau,0,0,,,2,,,,,,3,,,,,,,,,,,,,,,,,,,28,6,,7,3,6,,,5,,4,,,,,,,,,,,,,,,,
161,Sâm đại hành,0,0,,,,,,,,,,,,,,,,,,,,,,,,,,,,,,,,,,,,,,,,,,,,,,,,,7,,,,,
162,Sâm mùng tơi,0,0,,,,,,,,,,,,,,4,,,,,,,,,,,,,,,,,,,,,,,,,,,,,,,,,,3,,,24,,,
163,Sâm nam,5,7,,,,,,,,,,,,,,,,,,,,,,,,,,,,6,,,,,1,,,9,,,,,,,,,,,,,,,,,,
164,Sắn dây,0,0,,,,,,,,,,,,,,,,,,,,,,,,,,,,,,,,,,,,,,,,,,,,,,,,,,,,1,,
165,Sao đen,0,0,,,,,,,,4,,,6,,,,,,,,,,,,,,,,,,,,,,,,,,,,,,,,,,,,,,,,,,,
166,Sầu đâu,0,0,,,,,,,,,,,,,,,,,1,,,,,,,,,,,,,,,,,,,,,,,,,,,,,,,,,,,,,
167,Sẻng,0,0,,,,,,,,,,,,,,,,,,5,,,,2,,1,,1,,,,,,,,,,,,,,,,,,,,,,,,,,,,
168,Sẻng gai,0,0,,,,,,,,,,,,,,,,,,,1,,,,,,,,,,,,,,,,,,,,,,,,1,,,,,,,,,,,
169,Sim,0,0,,,,,,,,,,,,,11,,14,16,,,,,,,4,,,,,,,,,,,,7,,,,,,,,9,,,,,,,,,,2,
170,sổ,0,0,,,,,,,,,1,,,,,,,,,,,,,,,,,,,,,,,,,,,,,,,,,,,,,,,,,,,,,
171,Soan nhừ,0,0,,,,,,,,,,,1,,,,,,,,,,,,,,,,,,,,,,,,,,,,,,,,,,,,,,,,,,,
172,Sói rừng,0,0,,,,,,,,,,,,,,,,,,,,,,1,,,,1,,,,,,,,,,,,,,,,,,,,,,,,,,,,
173,Sòi tía,0,0,,,,,,1,,,,,,,,,,,,1,,,,,,,,,,,,,,,,,,,,,,,,,,,,,,,,,,,,
174,Song bảo,0,0,,,,,,,,,,,,,,,,,,,,,,,,,,,,1,,,,,,,,,,,,,,,,,,,,,,,,,,
175,Sống đời,0,0,,,,,,,,,,,,,,,,,,,,,,,,,,,,,,,,,,,,,,,,,,,,,,,,,,,2,,,
176,Sú Hương,0,0,,,,,,,,,,,,,,,,,,,,,,,,,,,,,,,,,,,,,,1,,,,,,,,,,,,,,,,
177,Sừng trâu,,,,,,,,,,,,,,,,,,,,,,,,,,,,,,,,,,,,,,,,,,,,,,,,,,,,,4,,,
178,Tai Chuột,0,0,,,,,,,,,,,,,,,,,,,,,1,,,,,,,,3,,,,,,,,1,,,,,,,,,,,,,,,,,
179,Tầm bóp,0,0,,,,,,,,,,,,,,,,,,,,,,,,,,,,,,,,,,,,,,,,5,6,,,,,,,,,,,,,3
180,Tàu Bay,0,0,,,,,,,,,,,9,,,,,12,,,,,,,,,,,,,,,,,,7,,,,,,,9,,16,,,,,,,,,,,
181,Thạch Tùng,0,0,,67,,,,,,,,,,,,,,,,,,,,,,,,,,,,,,,,,,,,,,,,,,,,,,,,,,,,
182,Thạch Xương Bồ,8,0,,,,,,,,,,,,,,,,,,,,,,,,,,,18,,,,,,,,,,,,,,,,,,,,,,,,,,,
183,Thài Lài tía,0,0,,4,,,,,,,,,,,,,,,44,,,,,, ,,,,,,,,,,,,,,,,,,,,,,,,,,,,,,,
184,Thài lài trắng,0,0,,,,,,,,,,,,,,,,,,,36,,,,,,,,,,,,,,,,,,,,,,,,,,,,,,,26,,,,
185,Thân Mát,0,0,,,,,,,,,,,,,,,,,,,,,,,,,,,,,,,,,,,,2,,,,,,,,,,,,,,,,,,
186,Thảo quyết minh,0,0,,,,,,,,,,,,,,,,,,,,,,,,,,,,,,,,,,26,,,,,,,7,,,,,12,,,,,,,,
187,Thầu dầu,0,0,,,,,,,,,,,,,,,,,,,,,,,,,,,,,,,,,,,,,,,,,,,,,,,,,,,1,,,
188,Thầu đâu ( Xoan),0,0,,,,,,,,,,,,,,,,,,,,,,,,,,,,,,,,,,,,,,,1,,,,,,,,,,,,1,,,5
189,Thiên niên kiện,0,0,,,,,,,,,,,,,,,,,,,,,,,,,,,,,2,1,,,,,,,,,,,,,,,,,,,,,,,,
190,Thổ phục Linh,0,0,,,,,,,,,,1,,,,,,,,,,,,,,,,,,,,,,,,,,,,,,,,,,,,,,,,,,,,
191,Thông thiên,0,0,,,,,,,,,,,,,,,,,,,,,,,,,,,,,,,,,,,,,,,,,,,,,,,,,,,,,,
192,Thùa,0,0,,,,,,,,,,,,,,,,,,,,,,,,,,,,,,,,,,,,,,,,,,,,,,,,,,1,,,,
193,Tía tô,0,0,,,,,,,,,,,,,,,,,,,,,,,,,,,,,,,,,,,,,,,,,,,,,,,,,,,,,,
194,Tiêu,0,0,,,,,,,,,,,,,,,,,,,,,,,,,,,,,,,,,,,,,,,,,,,,,,,1,,,,,,,
195,Tiêu Rừng,0,0,,,,,,,,2,,,,,,,,,,,,,,,,,,,,,,,,,,,,,,,,,,,,,,,,,,,,,,
196,Tơ hồng,0,0,,,,,,,,,,,,,,,,,,,,,,,,,,,,,,,,,,,,,,,,,,,,,,,,,,,,1,,
197,Tơ xanh,0,0,,,,,,,,,,,,,,,,,,,,,,,,,,,,,,,,,,,,,,,,,,,,1,,,,,,,,,,
198,Trầm hương,0,0,,,,,,,,,,,,,,,,,,,,,,,,,,,,,1,,2,,,,,,,3,,,,,,,,,,,,,,,,
199,Tre,0,0,,,,,,,,,,,,,,,,,,,,,,,,,,,,,,,,,,,,,,,,,,,,5,,,,,,,,,,
200,Trinh nữ hoàng cung,0,0,,,,,,,,,,,,,,,,,,,,,,,,,,,,,,,,,,,,,,,1,,,,,,,,,,,2,,,,
201,trúc tiết,0,0,,,,,,,,,2,,,,,,,,,,,,,,,,,,,,,,,,,,,,,,,,,,,,,,,,,,,,,
202,Trứng ếch,0,0,,,,,,,,,,,,,,,,,,,,,1,,,,,,,,,,,,,,,,,,,,,,,,,,,,,,,,,
203,Từ bi,0,0,,,,,,,,,,,,,,,,,,,,,,,,,,,,,,,,,,,,,,,,,,,,,,,,,,,,1,,
204,Vạn niên thanh,0,0,,,,,,,,,,,,,,,,,,,,,,,,,,,,,,,,,,,,,,,,,,,,,,,,,,6,,,,
205,Vòi voi,0,0,,,,,,,,,,,,,,,,,,,,,,,,,,,,,,,,,,,,,,,,14,,,18,,,23,,,,,4,,,
206,Vú Bò,0,0,,,,,,,,,,,,,,,,,,,1,,,,,,,,,,,,,,,,,,,,,,,,,,,,,,,,,,,
207,Xá Xị ,0,0,1,,,,,,,,,,,,,,,,,,,,,,,,,,,,,,,,,,,,,,,,,,,,,,,,,,,,,
208,Xấu Hổ,0,0,,,,,,,,,,,,,,,,,,,,,,17,,,,,,,,,,,,22,,,,,,9,,17,,8,,37,,,,7,,,5,7
209,Xuân tiết,0,0,,,,,,,,,,,,,,,,,,,,,,,,,,,,,,,,,,,,4,,,,,,,,,,,,,,,,,,
210,Xuyên tâm liên,0,0,,,,,,,,,,,,,,,,,,,,,,,,,,,,,,,,,,,,,,,,,,,,,,,,,,,,1,,
211,Ngà voi,,,,,,,,,,,,,,,,,,,,,,,,,,,,,,,,,,,,,,,,,,,,,,,,,,,,1,,,,
