,Tên Việt Nam,Tên Khoa học,Bộ,Lớp,Họ,Ngành,Dạng sống,Sinh cảnh,Bộ phận dùng,Công dụng,
1,Ba chạc,Euodia lepta (Spreing) Merr.,Cam Rutales,Ngọc Lan,Rataceae Cam  ,Ngọc Lan Magnoliophyta,Thân bụi,Ven rừng,Lá và rễ ,"chữa ghẻ, mọn nhọt, phong thấp, đau nhức xương tê bại, bán thân bất toại và điều hoà kinh nguyệt",
2,Ba gạc,Rauvolfia vietnamensis Ly,Long đởm Gentianales,Ngọc lan,Apocynaceae Trúc đào ,Ngọc Lan Magnoliophyta,Thân gỗ,Rừng,Rễ,"chữa cao huyết áp, tim mạch",
3,Ba gạc lá to,Rauvolfia combodiana Pierre ex Pitard.,Long đởm Gentianales,Ngọc lan,Apocynaceae Trúc đào ,Ngọc Lan Magnoliophyta,Thân gỗ,Rừng,Vỏ rễ và rễ,"chữa huyết áp, tim mạch",
4,Ba kích,Morinda officinalis F. C. How,Long đởm Gentianales,Ngọc lan,Rubiaceae Cà phê  ,Ngọc Lan Magnoliophyta,Dây leo,Ven rừng,Rễ,"chữa liệt dương, sưng tấy, thấp khớp ",
5,Bách Bộ,Stemona pierrei Gagnep. ,Củ nâu Dioscoreales,Hành,StemonaceaeBách bộ ,Ngọc Lan Magnoliophyta,Dây leo,"Ven rừng, vườn nhà",củ,Làm thuốc ho và tẩy giun kim,
6,Bạch chỉ,Angelica dahurica Benth et Hook f.,Hoa tán Apiales,Ngọc Lan,Apiaceae Hoa tán  ,Ngọc Lan Magnoliophyta,Thân thảo,"rừng, vườn nhà",củ,"Chữa cảm sốt, nhức đầu, viêm mũi, đau răng, đau nhức xương khớp.",
7,Bạch Đồng Nữ,Clerodendrun viscosum Vent.,Hoa môi Lamiales,Ngọc Lan,Verbenaceae Cỏ roi ngựa  ,Ngọc Lan Magnoliophyta,Thân bụi," ven suối, ven đường",Rễ,"Dùng tắm ghẻ, mụn nhọt, chữa khí hư",
8,Báng,Arenga pinnata (Wurmb) Merr,Cau Arecales,Hành,Arecaceae Cau ,Ngọc Lan Magnoliophyta,Thân gỗ,Rừng,"Quả, thân và rễ ","đau nhức xương, cảm sốt, rễ trị viêm cuống phổi và làm dễ tiêu hoá",
9,Bảy lá một hoa,Paris polyphylla   Smith,Củ nâu Dioscoreales,Hành,Trilliaceae Vương tôn ,Ngọc Lan Magnoliophyta,Thân thảo,Rừng,"Thân, rễ","Ho. Khử đờm, thuốc bổ",
10,Bí bái,Acronychia pedunculata (L.) Miq. ,Cam Rutales,Ngọc Lan,Rataceae Cam  ,Ngọc Lan Magnoliophyta,Thân gỗ,"ven rừng, đồi núi","thân, rễ, lá, củ","phong thấp, cảm sốt, ho, viêm",
11,Bí ngô,Cucurbitamaxima Duch. ex Lam.,Bầu bí Cucurbitales,Ngọc Lan,Cucurbitaceae Bầu bí ,Ngọc Lan Magnoliophyta,Dây leo,vườn nhà,"quả, hạt","Trị giun sán, đau đầu, giảm sưng",
12,Bình Vôi,Stephania rotunda Lour.,Mao lương Ranunculales,ngọc lan,Menispermaceae Tiết dê ,Ngọc Lan Magnoliophyta,Dây leo,"ven rừng, đồi núi",Củ,"an thần, gây ngủ; hạ đường huyết",
13,Bồ công anh cao,Lactuca indica L.,Cúc Asterales ,Ngọc lan,Asteraceae Cúc ,Ngọc Lan Magnoliophyta,Thân thảo,vườn nhà,Lá,"Chữa sưng vú, tắc tia sữa, mụn nhọt, ăn uống kém tiêu",
14,Bồ công anh thấp,Taraxacum officinale Wigg.,Cúc Asterales ,Ngọc lan,Asteraceae Cúc ,Ngọc Lan Magnoliophyta,Thân thảo,vườn nhà,Rễ,"Lọc máu, chống viêm.",
15,Bổ cốt toái ,Drynaria fortunei (Kuntze ex Mett.) J. Smith,Dương xỉ Polypodiales,Dương xỉ,Polypodiaceae Ráng  ,Dương xỉ Polypodiophyta,Thân thảo,"rừng, ven suối",Rễ,"Đau lưng, đau nhức xương khớp, thận, bó gãy xương",
16,Bồ Cu vẽ,Breynia fruticosa (L) Hook. f.,Thầu dầu Euphorbiales,Ngọc lan,Euphorbiaceae Thầu dầu -  ,Ngọc Lan Magnoliophyta,Thân bụi,"ven rừng, đồi núi","Rễ,  lá","Rắn căn, mụn nhọt viêm da, ghẻ, dạ dày, sinh đẻ",
17,Bọ mắm,Pauzolxia zeylanica (L.) Benn.,Gai Urticales ,Ngọc Lan,Urticaceae Gai ,Ngọc Lan Magnoliophyta,Thân thảo,"vườn nhà, ruộng, ven đường",Cả cây,"Chữa ho, các bệnh về phổi, lợi tiểu, chữa mụn nhọt",
18,Bọ Mảy,Clerodendrum cyrtophyllum Turcz,Hoa môi Lamiales,Ngọc Lan,Verbenaceae Cỏ roi ngựa  ,Ngọc Lan Magnoliophyta,Thân bụi,"ven rừng, đồi núi","Rễ,  lá","Chữa viêm họng, chảy máu chân răng, chữa lỵ và viêm đại tràng mãn tính",
19,Bời lời nhớt,Litsea glutinosa (Lour.) C.B. Rob. ,Long não Laurales,Ngọc lan,Lauraceae  Long não  ,Ngọc Lan Magnoliophyta,Thân gỗ,"ven rừng, đồi núi","Rễ, vỏ lá ","Trị ỉa chảy, chấn thương bầm giập",
20,Bòng bong,Lygodium flexuosum Sw.,Bòng bong Lygodiales,Dương xỉ,Lygodiaceae Bòng bong ,Dương xỉ Polypodiophyta,Dây leo,"Trảng cỏ, vườn nhà, rừng trồng","thân , lá","Chữa đái rắt, đái buốt, làm thuốc lợi sữa, trị chấn thương, ứ huyết, sưng đau.",
21,Bông ổi,Lantana camara L.,Hoa môi Lamiales,Ngọc Lan,Verbenaceae Cỏ roi ngựa  ,Ngọc Lan Magnoliophyta,Thân bụi,"Trảng cỏ, ven đường ,ruộng","Lá, hoa và rễ ","Rắn cắn, cảm , cầm máu",
22,Bông trang đỏ,Ixora cocconea L.,Long đởm Gentianales,Ngọc lan,Rubiaceae Cà phê  ,Ngọc Lan Magnoliophyta,Thân bụi,"Ven rừng, vườn nhà, ruộng","Lá, rễ.","Chữa mụn nhọt, mẩn ngứa, ỉa lỏng lâu ngày.",
23,Bông trang trắng,Ixora nigricans R.Br ex Wight et Arn,Long đởm Gentianales,Ngọc lan,Rubiaceae Cà phê  ,Ngọc Lan Magnoliophyta,Thân bụi,"Ven rừng, vườn nhà","Lá, hoa, cành, rễ ","chữa thận suy, lưng xương đau mỏi, điều hoà kinh nguyệt,lỵ, giải nóng ho,phụ nữ sinh đẻ",
24,Bông Trang vàng,Ixora flavescens Pierre,Long đởm Gentianales,Ngọc lan,Rubiaceae Cà phê  ,Ngọc Lan Magnoliophyta,Thân bụi,vườn nhà,Cành lá , Trị các cơn đau bụng. ,
25,Bọt ếch,Muehlenbeckia platyclada  (F. Muell. ex Hook.) Meisn.,Thầu dầu Euphorbiales,Ngọc lan,Euphorbiaceae Thầu dầu -  ,Ngọc Lan Magnoliophyta,Thân bụi,"ven rừng, đồi núi",lá rễ, lá và rễ cây được dùng làm thuốc sắc uống trị đau ruột.,
26,Bùm bụp,Mallotus apelta (Lour.) Muell. -Arg. ,Thầu dầu Euphorbiales,Ngọc lan,Euphorbiaceae Thầu dầu -  ,Ngọc Lan Magnoliophyta,Thân gỗ,"ven rừng, đồi núi","Rễ, vỏ cây và lá ","Viêm gan, huyết trắng, phù thũng khi có thai, viêm ruột ỉa chảy. ",
27,Bưởi,Citrus grandis (L.) Osbeck,Cam Rutales,Ngọc Lan,Rataceae Cam  ,Ngọc Lan Magnoliophyta,Thân gỗ,Vườn nhà,"Vỏ quả, lá","trị đờm, đau dạ dày, đầy bụng, hen, đau thoát vị, chữa sốt, ho, nhức đầu, kém ăn, chữa viêm vú, viêm amygdal.",
28,Bưởi  bung,Glycosmis pentaphylla Corr.,Cam Rutales,Ngọc Lan,Rataceae Cam  ,Ngọc Lan Magnoliophyta,Thân gỗ,"Vườn nhà, ven đường","Rễ, lá ","Giúp tiêu hóa, phụ nữ sau khi đẻ ăn ngon, chữa mụn nhọt, lở loét.",
29,Bướm Bạc,Mussaenda pubescens Ait.f.,Long đởm Gentianales,Ngọc lan,Rubiaceae Cà phê  ,Ngọc Lan Magnoliophyta,Thân bụi,"Ven rừng, đồi núi","Hoa, rễ, cành lá.","Lợi tiểu, chữa ho, hen, gẫy xương, chữa tê thấp.",
30,Cà độc dược,Datura metel L.,Cà Solanales,Ngọc lan,Solanaceae Cà  ,Ngọc Lan Magnoliophyta,Thân bụi,Trảng cỏ,"Lá, hoa ","Chữa hen suyễn, viêm phế quản, chữa viêm loét dạ dày",
31,Cà gai leo,Solanum hainanense Hance. ,Cà Solanales,Ngọc lan,Solanaceae Cà  ,Ngọc Lan Magnoliophyta,Dây leo,Trảng cỏ,Rễ và cành lá ,"tán phong thấp, tiêu độc, tiêu đờm, trừ ho, giảm đau, cầm máu. ",
32,Cà dại hoa trắng,Solanum torvum Swartz.,Cà Solanales,Ngọc Lan,Solanaceae Cà  ,Ngọc Lan Magnoliophyta,Thân bụi,"vườn nhà, trảng cỏ",Rễ,"Chân tay nứt nẻ, nước ăn chân, nơi sâu bọ đốt",
33,Cam,Citrus sinensis (L.) Osheck,Cam Rutales,Ngọc Lan,Rataceae Cam  ,Ngọc Lan Magnoliophyta,Thân gỗ,Vườn nhà,"Quả,dịch quả và vỏ quả; hoa ","Chữa mụn nhọt, mẩn ngứa, ỉa lỏng lâu ngày.",
34,Cam thảo đất,Scoparia dulcis L.,Hoa mõm sói Scrophulariales,Ngọc Lan,Scrophulariaceae Hoa mõm sói,Ngọc Lan Magnoliophyta,Thân thảo,"Ven rừng,vườn nhà",Cả cây,"chữa mụn nhọt, cảm sốt, sởi, ho khan điều trị bệnh tiểu đường, thiếu máu",
35,Cam thảo dây,Abrus precatorius L. ,Đậu Fabales,Ngọc Lan,Fabaceae Ðậu  ,Ngọc Lan Magnoliophyta,Dây leo,"Vườn nhà, ven đường","Thân, lá","chữa ho, giải cảm, giải độc, chữa vàng da do viêm gan siêu vi trùng, chữa viêm phế quản mãn ",
36,Càng cua,Peperomia pellucida L.,hồ tiêu Piperales,Ngọc Lan,Piperaceae Hồ tiêu ,Ngọc Lan Magnoliophyta,Thân thảo,"Vườn nhà,",Cả cây,"Chữa viêm họng,đái tháo đường táo bón, thiếu máu, tiểu gắt, cao huyết áp",
37,Cau,Areca catechu L.,Cau Arecales,Hành,Arecaceae Cau ,Ngọc Lan Magnoliophyta,Thân gỗ,Vườn nhà,"Hạt, vỏ quả Cau","Chữa sán, giúp tiêu hoá, lợi tiểu",
38,Cầu đằng ,Uncaria rhynchophylla (Miq.) Jacks.,Long đởm Gentianales,Ngọc lan,Rubiaceae Cà phê  ,Ngọc Lan Magnoliophyta,Dây leo,Ven rừng ,Thân,"chữa đau đầu, trẻ em kinh giật, nổi ban lên sởi chữa huyết áp ",
39,Cây dây giun,Quisqualis indica L.,Sim Myrtales,Ngọc lan,Combretaceae Bàng ,Ngọc Lan Magnoliophyta,Dây leo,Vườn nhà,Hạt,"Thuốc chữa giun đũa, giun kim, chữa suy dinh dưỡng, da vàng, biếng ăn",
40,Mắc Khén,Zanthoxylum rhetsa (Roxb.) DC.,Cam Rutales ,Ngọc Lan,Rataceae Cam  ,Ngọc Lan Magnoliophyta,Thân gỗ,"Ven rừng, trảng cỏ",Hạt,,
41,Rum thơm,Poikilospermum suaveolens (Blume) Merr. ,Gai Urticales,Ngọc Lan,Urticaceae Gai ,Ngọc Lan Magnoliophyta,Dây leo,Ven rừng,rễ,"ghẻ, đau mắt",
42,Tầm gửi rừng,"Helixanthera parasitica L., ",Đàn hương Santalales,Ngọc lan,Loranthaceae Tầm gửi  ,Ngọc Lan Magnoliophyta,Kí sinh,Rừng,Lá,Lá được dùng sắc uống làm dịu đau dạ dày. ,
43,Chạc Chìu,Tetracera scandens (L.) Merr.,Sổ Dilleniales,Ngọc lan,Dilleniaceae Sổ ,Ngọc Lan Magnoliophyta,Dây leo,rừng,"rễ, dây ","Chữa phù thận, thông tiểu, sốt, đau lưng",
44,Chẩn,Microdesmis caseariaefolia Planch. ex Hook.,Sơ ri Malpighiales,Ngọc Lan,Padaceae Chanh ốc ,Ngọc Lan Magnoliophyta,Thân gỗ,Rừng,"Rễ, lá, vỏ","Vỏ dùng trị sốt rét rừng, gỗ cũng được dùng trị sốt rét",
45,Chân Chim,Schefflera octophylla (Lour.) Harms,Hoa tán Apiales,Ngọc Lan,Araliaceae Nhân sâm ,Ngọc Lan Magnoliophyta,Thân gỗ,Rừng,Vỏ thân,"Làm thuốc bổ, chữa phong thấp, tê bại ",
46,Chân chim bảy lá,Schefflera heptaphylla (L.) Frodin,Hoa tán Apiales,Ngọc Lan,Araliaceae Nhân sâm ,Ngọc Lan Magnoliophyta,Thân gỗ,Rừng,Thân,"Làm thuốc bổ, giải nhiệt, kháng viêm, tiêu sưng, hạ đường huyết",
47,Chanh,Citrus aurantifolia (Christm et Panzer) Swingle ,Cam Rutales,Ngọc Lan,Rataceae Cam  ,Ngọc Lan Magnoliophyta,Thân gỗ,Vườn nhà,Lá và quả ,"làm thuốc giải nhiệt, lợi tiêu hoá, trị ho, cảm cúm, hen phế quản, ho gà và trị bệnh ngoài da, rắn cắn. ",
48,Chè,Camellia sinensis O. Ktze ,Chè  Theales,Ngọc Lan,Theaceae Chè ,Ngọc Lan Magnoliophyta,Thân gỗ,Vườn nhà,"Cành, lá.","Tăng cường điều hoà nhịp tim, lợi tiểu và kích thích ăn ngon, chữa lỵ.",
49,Chè Camenia,Aidia cochinchinensis (Lour.) Merr.,Long đởm Gentianales,Ngọc lan,Rubiaceae Cà phê  ,Ngọc Lan Magnoliophyta,Thân bụi,rừng,"vỏ cây, hoa, gỗ","Vỏ dùng trị sốt rét rừng, gỗ cũng được dùng trị sốt rét",
50,Chè đắng,Ilex kudingcha C. J. Tseng.,Dây gối  Celastrales,Ngọc Lan,Aquifoliaceae Bùi ,Ngọc Lan Magnoliophyta,Thân gỗ,"Ven rừng, rừng trồng","Lá, búp.","Kích thích tiêu hoá, lợi tiểu, an thần, dùng lâu tăng sức khoẻ.",
51,Chè dây,Ampelopsis cantoniensis (Hook. et Arn) Planch.,Nho Vitales,Ngọc lan,Vitaceae Nho ,Ngọc Lan Magnoliophyta,Dây leo,"ven đường, ven rừng",Dây lá ,"giảm đau, làm liền sẹo, giảm viêm dạ dày. ",
52,Chè dung,Syplocos racemosa Roxb.,Đỗ quyên Ericales,Ngọc lan,Symplocaceae Dung ,Ngọc Lan Magnoliophyta,Thân gỗ,Rừng,Cả cây,"Tiêu cơm, chữa đau bụng, ỉa chảy ",
53,Chè vằng,Jasminum subtriplinerve Blume,Hoa môi  Lamiales,Ngọc lan,Oleaceaa Nhài  ,Ngọc Lan Magnoliophyta,Dây leo,"Trảng cỏ , ven rừng, rừng trồng","thân, lá "," phụ nữ sau khi sinh ,tắm cho trẻ con bị ghẻ lở",
54,Chó đẻ răng cưa hoa đỏ,Phyllanthus rubriflorus Beille,Thầu dầu Euphorbiales,Ngọc lan,Euphorbiaceae Thầu dầu -  ,Ngọc Lan Magnoliophyta,Thân thảo,"Vườn nhà, rưừng",Cả cây,trị bệnh ghẻ. ,
55,Chó đẻ răng cưa hoa trắng,Phyllanthus urinaria L.,Thầu dầu Euphorbiales,Ngọc lan,Euphorbiaceae Thầu dầu -  ,Ngọc Lan Magnoliophyta,Thân thảo,"Trảng cỏ , ven rừng, rừng trồng","Thân, lá","Lợi tiểu, chữa phù thũng. mụn nhọt, viêm gan virut B",
56,Chua me đất hoa vàng,Oxalis corniculata L.,Chua me đất Oxalidales,Ngọc Lan,Oxalidaceae Chua me đất  ,Ngọc Lan Magnoliophyta,Thân thảo,"Vườn nhà , đồng ruộng, rừng trồng",Cả cây,"Giải nhiệt, lợi tiểu, chữa lỵ",
57,Chua me hoa đỏ,Oxalis corymbosa DC.,Chua me đất Oxalidales,Ngọc Lan,Oxalidaceae Chua me đất  ,Ngọc Lan Magnoliophyta,Thân thảo,vườn nhà,Cả cây,toàn cây sắc uống có tác dụng giải nhiệt và trị kiết lỵ ,
58,Chua ngút,Embelia ribes Burm f. ,Anh thảo Primunales,Ngọc Lan,Myrsinaceae Đơm nem ,Ngọc Lan Magnoliophyta,thân bụi leo,rừng,"Quả, rễ, lá ","Trị giun sán, đau ngực, bệnh da",
59,Chuối Rừng,Musa acuminata Colla,Chuối Musales,Hành,Musaceae Chuối ,Ngọc Lan Magnoliophyta,Thân thảo,Rừng,"Rễ, vỏ quả, lõi thân ","an thai; vỏ quả dùng chữa ỉa chảy, cầm máu.",
60,Cỏ gấu,Cyperus rotundus L.,Cói Cyperales,Hành,Cyperaceae Cói ,Ngọc Lan Magnoliophyta,Thân thảo,"ven rừng, vườn nhà","Thân, rễ","viêm tử cung, bệnh phụ nữ, nôn mửa, dạ dày",
61,Cỏ hôi,Ageratum conyzoides L.,Cúc Asterales ,Ngọc lan,Asteraceae Cúc ,Ngọc Lan Magnoliophyta,Thân thảo,"Ven rừng, rừng trồng, trảng cỏ","Thân, lá",Chữa viêm xoang mũi dị ứng:,
62,Cỏ lá tre,Lophatherum gracile Brongn.,Lúa Poales,Hành,Poaceae Lúa  ,Ngọc Lan Magnoliophyta,Thân thảo,"Ven rừng, rừng trồng, ven suối",Cả cây,"Sốt cao, co giật, viêm miệng, đau mồm, sưng tuyến nước bọt, viêm đường tiết niệu, đái ra máu.",
63,Cỏ Lào,Eupatorium odoratum L. ,Cúc Asterales ,Ngọc lan,Asteraceae Cúc ,Ngọc Lan Magnoliophyta,Thân bụi,"Ven rừng, rừng trồng","Lá, rễ.","Trị tiêu chảy, kiết lỵ, đau nhức xương. Chữa ho, cảm lạnh. chữa mụn nhọt, cầm máu, chữa bỏng ",
64,Cỏ mần trầu,Eleusine indica Gaertn.,Lúa Poales,Hành,Poaceae Lúa  ,Ngọc Lan Magnoliophyta,Thân thảo,Ven đường,Cả cây,"Chữa sốt, ra mồ hôi, làm mát gan.",
65,Cỏ may,Chrysopogon aciculatus (Retz.) Trin. ,Lúa Poales,Hành,Poaceae Lúa  ,Ngọc Lan Magnoliophyta,Thân thảo,"ven đường, đồi núi",Cả cây,"chữa da vàng, mắt vàng và trị giun. ",
66,Cỏ Roi Ngựa,Verbena officinalis L.,Hoa môi Lamiales,Ngọc Lan,Verbenaceae Cỏ roi ngựa  ,Ngọc Lan Magnoliophyta,Thân thảo,"Ven rừng, rừng trồng,",Cả cây,"Sốt rét, giun chỉ, cảm lạnh và sốt, viêm họng, ho gà, viêm dạ dày ruột cấp, lỵ amíp, viêm gan, thận,",
67,Cỏ Seo Gà,Pteris multifida Poir.,Dương xỉ Polypodiales,Dương xỉ,Pteridaccae Cỏ seo gà ,Dương xỉ Polypodiophyta,Thân thảo,"rừng, vườn nhà","rễ, lá","Kiết lỵ, viêm ruột, viêm đường tiết niệu, sốt, ngứa lở và bệnh ngoài da. ",
68,Cỏ sữa lá lớn,Euphorbia piluliferaL. ,Thầu dầu Euphorbiales,Ngọc lan,Euphorbiaceae Thầu dầu -  ,Ngọc Lan Magnoliophyta,Thân thảo,"vườn nhà, ven rừng, ven suối",Cả cây,"Trị tiêu chảy, viêm ruột, bệnh ngoài da",
69,Cỏ sữa lá nhỏ,Euphorbia thymifolia Burm.,Thầu dầu Euphorbiales,Ngọc lan,Euphorbiaceae Thầu dầu -  ,Ngọc Lan Magnoliophyta,Thân thảo,"Ven rừng, rừng trồng",Cả cây,"Trị rắn cắn, lỵ, vết thương",
70,Cỏ tranh,Imperata cylindrica Beauv.,Lúa Poales,Hành,Poaceae Lúa  ,Ngọc Lan Magnoliophyta,Thân thảo,đất trống,Thân rễ,"Chữa tiểu ít, tiểu ra máu, giải nhiệt, chữa sốt, sốt vàng da",
71,Cỏ xước,Achyranthes aspera L.,Cẩm chướng Caryophyllales,Ngọc Lan,Amaranthaceae Rau dền ,Ngọc Lan Magnoliophyta,Thân thảo,"Vườn nhà, ven đường, đất trống","rễ,  hoa","Chữa viêm khớp, đau nhức xương, cao huyết áp, kinh nguyệt không đều",
72,Củ dòm,Stephania dielsiana C. Y. Yu.,Mao lương Ranunculales,ngọc lan,Menispermaceae Tiết dê ,Ngọc Lan Magnoliophyta,dây leo,"ven rừng, đồi núi",Rễ,"an thần, gây ngủ; thanh nhiệt, giải độc, tiêu phù, giảm đau.",
73,Củ năn,Heleocharis plantaginea R. Br.,Cói Cyperales,Hành,Cyperaceae Cói ,Ngọc Lan Magnoliophyta,Thân thảo,"đồng ruộng, vườn nhà, ",củ,"chữa bệnh tiêu khát, bệnh về gan",
74,Cúc  vàng,Chrysanthemum indicum L.,Cúc Asterales ,Ngọc lan,Asteraceae Cúc ,Ngọc Lan Magnoliophyta,Thân thảo,"Ven rừng, rừng trồng, ven suối",Cụm hoa ,"Chữa cảm sốt, đau đầu , mờ mắt",
75,Cúc chỉ thiên ( chân voi),Elephantopus scaber L.,Cúc Asterales,ngọc lan,Asteraceae Cúc ,Ngọc Lan Magnoliophyta,Thân bụi,"rừng trồng , ven rừng",Cả cây,"Giảm sốt, giải độc, chữa mụn nhọt",
76,Cúc Sữa,Sonchus oleraceus L.,Cúc Asterales ,Ngọc lan,Asteraceae Cúc ,Ngọc Lan Magnoliophyta,Thân bụi,"Ven rừng, rừng trồng, ven suối",Cả cây,"Viêm ruột, lỵ,xơ gan, ruột thừa, viêm vú, viêm miệng sưng amygdal, nôn ra máu từ dạ dày, chảy máu cam, ho ra máu, xuất huyết tử cung.  ",
77,Cúc Tần,Pluchea indica Less.,Cúc Asterales ,Ngọc lan,Asteraceae Cúc ,Ngọc Lan Magnoliophyta,Thân thảo,"Ven rừng, rừng trồng, ven suối","Rễ, lá, cành.","Chữa cảm sốt không ra mồ hôi, nhức đầu, thấp khớp, đau lưng, nhức xương.",
78,Cuống Vàng,Gonocaryum lobbianum (Miers.) Kurz,Dây gối Celastrales,Ngọc lan,Icacinaceae Mộc thông ,Ngọc Lan Magnoliophyta,Thân gỗ,"rừng, rừng trồng, ven suối",Rễ,"thanh nhiệt, giải độc",
79,Cứt chuột,Berchemia lineata (L.) DC.,Táo ta - Rhamnales,Ngọc lan,Rhamnaceae Táo ta  ,Ngọc Lan Magnoliophyta,Thân bụi,"Ven rừng, rừng trồng, ven suối",Rễ,"lao phổi, viêm khí quản cấp,chảy máu cam viêm gan, đau nhức, viêm mủ da, rắn độc cắn",
80,Đa đa,Harrisonia perforata (Blanco) Merr,Cam Rutales,Ngọc Lan,Simaroubaceae Thanh thất ,Ngọc Lan Magnoliophyta,Thân bụi,"vườn nhà, rưng trồng, rừng","Rễ, vỏ thân, cành lá và quả ","chữa ỉa chảy, kiết lỵ, sốt rét, chữa đau nhức xương và điều kinh. ",
81,Đại,Plumeria rubra L. var. acutifolia (Poir.) Bailey,Long đởm Gentianales,Ngọc Lan,Apocynaceae Trúc đào ,Ngọc Lan Magnoliophyta,Thân gỗ,vườn,"vỏ, hoa, lá, nhựa","viêm ruột, lỵ, khó tiêu, gan, viêm răng",
82,Đại Bi,Blumea balsamifera (L.) D C.,Cúc Asterales ,Ngọc lan,Asteraceae Cúc ,Ngọc Lan Magnoliophyta,Thân gỗ,"rừng, ven đường","Lá, tinh dầu","Chữa cảm sốt, ho, đầy bụng khó tiêu.",
83,Dâm bụt,Hibiscus rosa-sinensis L.,Bông Malvales,Ngọc lan,Malvaceae Bông ,Ngọc Lan Magnoliophyta,Thân gỗ,"vườn nhà, ven đường","Lá, hoa, vỏ rễ.","Chữa mụn nhọt, lỵ, kinh nguyệt không đều",
84,Đậu chiều,Cajanus indicus Spreng.,Đậu Fabales,Ngọc lan,Fabaceae Ðậu  ,Ngọc Lan Magnoliophyta,thân bụi,"vườn, đồi núi","Rễ, hạt và lá ","chữa sốt, giải độc, chữa ho, cảm, nhức mỏi gân cốt, ngộ độc thuốc trừ sâu, bệnh ngoài da, lỵ, mụn nhọt",
85,Dầu lai,Jatropha multifidaL.,Thầu dầu Euphorbiales,Ngọc lan,Euphorbiaceae Thầu dầu -  ,Ngọc Lan Magnoliophyta,Thân thảo,rừng,Nhựa mủ,trị lở miệng,
86,Đậu muồng ăn,"Vigna mungo (L.) Hepper,",Đậu Fabales,Ngọc Lan,Fabaceae Ðậu  ,Ngọc Lan Magnoliophyta,thân thảo,vườn,"hạt, quả","sốt, tăng thị lực mắt",
87,Dâu rượu ,Myrica rubra Sieb et Zucc.,Dẻ - Fagales,Ngọc Lan,Myricaceae Dâu rượu  ,Ngọc Lan Magnoliophyta,Thân gỗ," Rừng, ven suối","quả, vỏ","Chữa rối loạn tiêu hoá, ỉa chảy và lỵ, chứng ra mồ hôi chân, bệnh về da.",
88,Dây máu chó,Callerya reticulata (Benth.) Schot,Đậu Fabales,Ngọc lan,Fabaceae Ðậu  ,Ngọc Lan Magnoliophyta,Thân gỗ,"rừng, dọc sông",Thân dây và rễ ,"trị thiếu máu, kinh nguyệt không đều, di tinh, phong thấp đau gân cốt và đau dạ dày.",
89,Dây ông lão,Clematis smilacifolia Wall,Mao lương Ranunculales,Ngọc lan,Ranunculaceae Hoàng liên. ,Ngọc Lan Magnoliophyta,Dây leo,ven suối,Rễ và thân ,"chữa dđau, nhức mỏi",
90,Dây rơm,Tetrastigma erubescens Planch,Nho Vitales,Ngọc Lan,Vitaceae Nho ,Ngọc Lan Magnoliophyta,dây leo,đồi núi,Dây lá ,"sốt, bổ gân cốt, dạ dày",
143,Dây sâm,Cyclea barbata Miers (C. peltata Hook. et Thw.),,,Menispermaceae Tiết dê ,Ngọc Lan Magnoliophyta,Dây leo,Rứng,Rễ,"Trị đái dắt, ỉa chảy, các bệnh về gan",
91,Diệp hạ châu đắng,Phyllanthus amarus Schum et Thonn.,Thầu dầu Euphorbiales,Ngọc lan,Euphorbiaceae Thầu dầu -  ,Ngọc Lan Magnoliophyta,Thân thảo,"đồng ruộng, vườn nhà, rừng trồng",cả cây,"thông tiểu, thông sữa, điều kinh sửa huyết, mụn nhọt lở ngứa ngoài da, rắn rết cắn",
92,Điều nhuộm,Bixa orellana L.,ĐIều nhuộm Bixales ,Ngọc lan,Bixacae ĐIều nhuộm ,Ngọc Lan Magnoliophyta,Thân gỗ,Vườn nhà,Hạt và lá ,"Haạ nhiệt, lỵ, tẩy giun",
93,Đinh lăng,Polyscias fruticosa (L.) Harms ,Hoa tán Apiales,Ngọc Lan,Araliaceae Nhân sâm ,Ngọc Lan Magnoliophyta,Thân gỗ,Vườn nhà,Cả cây,"làm thuốc bổ, trị suy nhược cơ thể, tiêu hoá kém, phụ nữ sau khi đẻ ít sữa, sản hậu huyết xông nhức mỏi. Còn dùng làm thuốc chữa ho, ho ra máu, thông tiểu tiện, chữa kiết lỵ. Thân và cành dùng chữa phong thấp, đau lưng. Lá dùng chữa cảm sốt, mụn nhọt sưng tấy, sưng vú",
94,Đỗ trọng tía,Euonymus Chinensis L.,Long đởm Gentianales,Ngọc Lan,Celastraceae Chân danh ,Ngọc Lan Magnoliophyta,Thân bụi,Rừng,Thân,"Thuốc bổ, chữa suy nhược cơ thể, mạnh gân xương, chữa tiểu đường, di tinh, giúp tiêu hoá.",
95,Đơn buốt,Bidens pilosa L.,Cúc Asterales ,Ngọc lan,Asteraceae Cúc ,Ngọc Lan Magnoliophyta,Thân thảo,"vườn nhà, rừng trồng, rừng",Cả cây,đau mắt. Một số nơi dùng hoa ngâm rượu ngậm trong trường hợp bị Đau răng.,
96,Đơn Châu Chấu,"Aralia armata (Wall), Seem",Hoa tán Apiales,Ngọc Lan,Araliaceae Nhân sâm ,Ngọc Lan Magnoliophyta,Thân bụi,"vườn nhà, rừng trồng, rừng","Rễ, vỏ rễ và lá ","Viêm họng, chữa phong thấp tê bại, sốt rét cơn và rắn cắn.  thuốc bổ. đắp mụn nhọt.   ",
97,Đơn nem,Maesa perlarius ( Lour.) Merr ,Anh thảo Primunales,Ngọc Lan,Myrsinaceae Đơm nem ,Ngọc Lan Magnoliophyta,Thân bụi,"vườn nhà, đồi núi","lá, thân",Trị gẫy xương,
98,Đơn núi,"Maesa montana A. DC., ",Đơn nem Myrsinaceae,Ngọc Lan,Myrsinaceae Đơm nem ,Ngọc Lan Magnoliophyta,Thân thảo,sườn đồi,lá,"chữa dị ứng, mẩn ngứa, ghẻ lở ",
99,Đồng tiền,"Phyllodium pulchellum (L,) Desv ",Đậu Fabales,Ngọc lan,Fabaceae Ðậu  ,Ngọc Lan Magnoliophyta,Thân thảo,"vườn nhà, rừng trồng, rừng",Rễ và lá ,"Cảm mạo phát sốt, viêm gan, xơ gan, thấp khớp đau xương, đòn ngã tổn thương.",
100,Đu đủ đực,Carica papaya L.,Cải Brassicales,Ngọc Lan,Caricaceae Đu đủ  ,Ngọc Lan Magnoliophyta,Thân thảo,Vườn nhà,"Quả, hạt, hoa đực, lá, rễ, nhựa ","Chữa đái rắt, đái buốt, đau niệu đạo, chữa tưa lưỡi ở trẻ, chữa rắn cắn:",
101,Dứa,Ananas sativa L,Lúa Poales,Hành,Bromeliaceae Dứa ,Ngọc Lan Magnoliophyta,Thân thảo,Vườn nhà,"Quả, nõn cây và rễ cây ","Khó tiêu, viêm ruột, nóng",
102,Dừa,Cocos nucifera L.,Cau Arecales,Hành,Arecaceae Cau ,Ngọc Lan Magnoliophyta,Thân gỗ,Vườn nhà,"Nước dừa, rễ và dầu, hoa ","Dạ dày, viêm gan, đái tháo đường, cầm máu, lợi tiểu",
103,Dừa  cạn ,Catharanthus roseus (L.) G. Don ,Long đởm Gentianales,Ngọc lan,Apocynaceae Trúc đào ,Ngọc Lan Magnoliophyta,Thân thảo,Vườn nhà,Cả cây,"Chữa cao huyết áp, lợi tiểu, chống ung thư",
104,dứa dại,Pandanus tectorius Sol.,Dứa dại Pandanales,Hành,Pandanaceae Dứa dại ,Ngọc Lan Magnoliophyta,Thân thảo,"Ven rừng, suối","Ngọn non, rễ, quả.","Chữa chứng đái rắt, lòi dom, lợi tiểu, mất ngủ.",
106,Dướng,Broussonetia papyrifera (L.) Lher. ex Vent.,Gai Urticales ,Ngọc Lan,Moraceae Dâu tằm ,Ngọc Lan Magnoliophyta,Thân bụi,"Ven rừng, rừng trồng, vườn nhà",Quả,"Lợi tiểu tiêu sưng, sát trùng",
107,Gấc,Momordica cochinchinensis (Lour) Spreng,Bầu bí Cucurbitales,Ngọc Lan,Cucurbitaceae Bầu bí ,Ngọc Lan Magnoliophyta,Dây leo,Vườn nhà,"Hạt, dầu gấc","Làm thuốc bổ, chữa khô mắt, quáng gà, vết bỏng,  mụn nhọt, tê thấp",
108,Gai,Boehmeria nivea (L) Gaud.,Gai Urticales ,Ngọc lan,Urticaceae Gai ,Ngọc Lan Magnoliophyta,Thân bụi,Ven rừng,Rễ ,"Chữa đau bụng động thai, dọa sẩy, lợi tiểu, đi tiểu ra máu",
109,Găng,Catunaregam tomentosa (Bulume ex DC) Tirving ,Long đởm Gentianales,Ngọc lan,Rubiaceae Cà phê  ,Ngọc Lan Magnoliophyta,Dây leo,Rừng,"lá, quả","giải nhiệt nhiệt, chữa đái vàng, đái dắt, sôi bụngchữa viêm lợi răng",
110,Gáo trắng,Neolamarckia cadamba ( Roxb.) Bosser,Long đởm Gentianales,Ngọc lan,Rubiaceae Cà phê  ,Ngọc Lan Magnoliophyta,Thân thảo,Vườn nhà,Lá và vỏ cây ,chống viêm,
111,Giảo cổ Lam,Gynostemma pentaphyllum (Thunb.) Makino,Bầu bí Cucurbitales,Ngọc Lan,Cucurbitaceae Bầu bí ,Ngọc Lan Magnoliophyta,Dây leo,Rừng,lá,"Bổ dưỡng, viêm khí quản, gan, thận, loét dạ dày, giải độc, chữa ho, chống béo phì.",
112,"Giẻ,dù dẻ",Desmos chinensis Lour.,Na Annales,Ngọc Lan,Annonaceae Na  ,Ngọc Lan Magnoliophyta,thân gỗ,rừng,"Lá, rễ.","lỵ, tiêu hóa, dạ dày, thận, khớp",
113,Gừng dại,Zingiber cassumunar Roxb.,Gừng Zingiberales,Hành,Zingiberaceae Gừng  ,Ngọc Lan Magnoliophyta,Thân thảo,"vườn, suối",Củ,,
114,Hà Thủ Ô Trắng,Streptocaulon juventas (Lour.) Merr.,Long đởm Gentianales ,Ngọc lan,Asclepiadaceae Thiên lý ,Ngọc Lan Magnoliophyta,Dây leo,Ven suối,Rễ củ ,"Thanh nhiệt, giải độc, chữa sốt rét, nóng",
115,Hồ vĩ,Sansevieria zeylanica Willd. ,Thùa Avagales,hành,Dracaenaceae Bồng bồng  ,Ngọc Lan Magnoliophyta,thân bụi,vườn nhà,Rễ,"Dùng chữa sốt nóng, khát nước, đái buốt. ",
116,Hoa gạo,Gossampinus malabarica (DC). Merr.,Bông Mavales,Ngọc lan,Bombaceae Gạo ,Ngọc Lan Magnoliophyta,Thân gỗ,vườn nhà,"vỏ, hoa, rễ","Thuốc cầm máu, chữa lậu, thông tiểu, đau răng",
117,Hoa sữa,Alstonia scholaris L,Long đởm Gentianales,Ngọc lan,Apocynaceae Trúc đào ,Ngọc Lan Magnoliophyta,Thân gỗ,"rừng, trông, vườn",vỏ,"hạ sốt, hen suyễn, phong, đường ruột, dạ dày, khó tiêu",
118,Hoài sơn,Dioscorea persimilis Prain et Burkill,Củ nâu Dioscoreales,Hành,Dioscoreaceae Củ nâu ,Ngọc Lan Magnoliophyta,Dây leo,"Rừng, ven suối",Rễ củ,"Thuốc bổ, trị ăn không tiêu, chữa viêm ruột",
119,Hoàn ngọc,Pseuderanthemum palatiferum (Wall.) Radlk.,Hoa môi Lamiales,Ngọc lan,Acanthaceae Ô rô ,Ngọc Lan Magnoliophyta,thân bụi,vườn nhà,Lá,"Chữa viêm đại tràng, đi ngoài ra máu, đái buốt, trĩ",
120,Hoàng đằng,Fibraurea recisa Pierre,Mao lương Ranunculales,Ngọc lan,Menispermaceae Tiết dê ,Ngọc Lan Magnoliophyta,Dây leo,"Ven rừng, rừng trồng",Cả cây,"thanh nhiệt giải độc, lợi tiểu tiện, chữa đinh nhọt, viêm ruột cấp tính, đau họng, đau mắt, chữa lị, đau lưng",
121,Hòe,Sophora tonkinensis Gagn.,Đậu Fabales,Ngọc Lan,Fabaceae Ðậu  ,Ngọc Lan Magnoliophyta,Thân gỗ,"Rừng, vườn nhà",Hoa,"Làm thuốc ngủ, an thần, chữa cao huyết áp",
122,Hồi Núi,lllicium verum Hook. f et. Thoms.,Hồi Illiciales,Ngọc Lan,llliciaceae.Hồi. ,Ngọc Lan Magnoliophyta,Thân gỗ,rừng,"Quả, tinh dầu",Chất độc,
123,Hồng bì rừng,Clausena duniana Levl.,Cam Rutales ,Ngọc Lan,Rataceae Cam  ,Ngọc Lan Magnoliophyta,Thân gỗ,Rừng,Vỏ,Tinh dầu,
124,Hồng Tùng,Dacrydium elatum (Roxb.) Wall. Ex Hook. ,Kim giao Podocarpales,Thông,Podocarpaceae Kim giao ,Thông Pinophyta,Thân gỗ,Rừng,Vỏ,"Viêm họng chữa phong thấp tê bại, sốt rét cơn và rắn cắn.  thuốc bổ. đắp mụn nhọt.   ",
125,Hương nhu tía ,Ocimum sanctum L.,Hoa môi Lamiales,Ngọc Lan,Lamiaceae Hoa môi  ,Ngọc Lan Magnoliophyta,Thân thảo,Rừng,Tinh dầu,"bổ huyết, chữa huyết áp cao, tiêu độc, kinh nguyệt không đều.",
126,Hương nhu trắng,Ocimum gratissimum L.,Hoa môi Lamiales,Ngọc Lan,Lamiaceae Hoa môi  ,Ngọc Lan Magnoliophyta,Thân thảo,"Rừng, vườn nhà","Thân, lá","giải cảm nhiệt, lợi tiểu.",
127,Huyết đằng,Sargentodoxa cuneata (Oliv.) Rehd. et Wils. ,Mao lương Ranunculales,ngọc lan,SargentodoxaceaeHuyết đằng ,Ngọc Lan Magnoliophyta,dây leo,Rừng,Vỏ thân ,bổ huyết và điều kinh.,
128,Huyết dụ tía,Cordyline terminalis Kunth.,Hành Liliales,Hành,Asteliaceae Huyết dụ ,Ngọc Lan Magnoliophyta,Thân gỗ,vườn nhà,Lá,"Cầm máu,chữa ho ra máu, lỵ ra máu",
129,Ích mẫu,Leonurus heterophyllus Sweet,Hoa môi Lamiales,Ngọc lan,Lamiaceae Hoa môi  ,Ngọc Lan Magnoliophyta,Thân thảo,Vườn nhà,Lá và ngọn non ,"Chữa bệnh phụ nữ, cao huyết áp",
130,Ké đầu ngựa,Xanthium strumarlum L.,Cúc Asterales,Ngọc lan,Asteraceae Cúc ,Ngọc Lan Magnoliophyta,Thân bụi,"ven đường, bãi trống, ruộng hoang","Cành, lá, quả","Chữa mụn nhọt, bướu cổ, lở ngứa",
131,Ké Hoa Đào,Urena lobata L.,Bông Malvales,Ngọc Lan,Malvaceae Bông ,Ngọc Lan Magnoliophyta,Thân bụi,"ven đường, bãi trống, ruộng hoang","rễ ,Lá","Chữa thấp khớp, cảm cúm, viêm amygdal, mụn nhọt.",
132,Ké hoa vàng,Sida rhombifolia L. Syn. Sida alnifolia Lour.,Bông Malvales,Ngọc Lan,Malvaceae Bông ,Ngọc Lan Magnoliophyta,Thân bụi,"ven đường, bãi trống, ruộng hoang","rễ ,Lá","Chữa mụn nhọt, tiểu tiện nóng đỏ hay vàng đậm, sốt, lỵ",
133,khế,Averrhoa carambola L.,Chua me đất Oxalidales,Ngọc Lan,Oxalidaceae Chua me đất  ,Ngọc Lan Magnoliophyta,Thân gỗ,vườn nhà,"Vỏ, quả, hoa, lá và rễ ","Trị mẩn ngứa, dị ứng, chữa khát",
134,Khế rừng,"Rourea microphylla Planch.
",Chua me đất Oxalidales,Ngọc Lan,Connaraceae khế rừng ,Ngọc Lan Magnoliophyta,Thân bụi,rừng,"Thân, lá ","Sinh nở, tiểu vàng, mụn nhọt",
135,Khổ qua rừng,"Momordica charantia L., 1753",Bầu bí Cucurbitales,Ngọc Lan,Cucurbitaceae Bầu bí ,Ngọc Lan Magnoliophyta,dây leo,"rừng, vườn nhà","Rễ, dây, lá ","Chữa tiểu đường, chống ung thư, trị  Gout, chữa ho, thấp khớp, cao huyết áp",
136,Khôi Tía,Ardisia silvestris Pitard,Anh thảo Primunales,Ngọc Lan,Myrsinaceae Đơm nem ,Ngọc Lan Magnoliophyta,Thân bụi ,"rừng, ven suối",Lá,"Dạ dày, tá tràng",
137,khúc khắc,Heterosmilax gandichaudiana (Kunth) Maxim ,Hành Liliales,Hành,Smilacaceae Khúc khắc ,Ngọc Lan Magnoliophyta,Dây leo,"ven đường, bãi trống, ruộng hoang",rễ củ,"thấp khớp đau lưng, đau xương mụn nhọt,",
138,Kim Giao,Podocarpus fleuryi (Hickel) de Laub. ,Kim giao Podocarpales,Thông,Podocarpaceae Kim giao ,Thông Pinophyta,Thân gỗ,Rừng,thân,"ho, giải độc, sưng cuống phổi",
139,Lá Lốt,Piper lolot C. DC,hồ tiêu Piperales,Ngọc Lan,Piperaceae Hồ tiêu ,Ngọc Lan Magnoliophyta,Thân thảo,"Ven suối, rừng trồng, vườn nhà",Lá,"nôn mửa, đầy hơi, tiêu nóng, phong",
140,Lá móng,Lawsonia inermis L.,Tử vi Lythraceae,Ngọc lan,Lythraceae Tử vi ,Ngọc Lan Magnoliophyta,Thân thảo,vườn nhà,Cả cây,"mụn nhọt, viêm, hạ sốt, vàng da",
141,Lạc tiên,Passiflora foetida L.,Hoa tím Violales,Ngọc Lan,Passifloraceae Lạc tiên ,Ngọc Lan Magnoliophyta,dây leo,"Trảng cỏ, ven rừng","Thân, lá","An thần, chữa mất ngủ, hồi hộp ",
142,Lan Kim tuyến,Anoectochilus setaceus Bl.,Phong lan Orchidales,ngọc lan,Orchidaceae Phong lan ,Ngọc Lan Magnoliophyta,Thân thảo,"Rừng, suối",Cả cây,"đau bụng, sốt cao, rắn cắn, tiểu đường, timm mạch, huyết áp",
144,Lát hoa ,"Chukrasia tabularis A. Juss,",Cam Rutales,Ngọc Lan,Meliacaeae Xoan ,Ngọc Lan Magnoliophyta,Thân gỗ,"Rừng, vườn nhà",vườn nhà,,
145,Lấu,Psychotria rubra (Lour.) Poir,Long đởm Gentianales,Ngọc lan,Rubiaceae Cà phê  ,Ngọc Lan Magnoliophyta,Thân gỗ,Rừng,"Rễ, lá ","Cảm mạo, viêm họng, kiết lỵ, sốt thương hàn, thấp khớp",
146,Lẻ bạn,Tradescantia discolor L'Hér. ,Thài lài Commelinales,Hành,Commelinaceae Thài lài ,Ngọc Lan Magnoliophyta,Thân thảo,vườn nhà,Hoa và lá ,"Thanh nhiệt, chảy máu cam, ho gà, lỵ trực trùng, đái ra huyết; ",
147,Lô hội,"Aloe vera L.,",Thủy tiên Amaryllidales,Hành,Asphodelaceae Lô hội  ,Ngọc Lan Magnoliophyta,Thân thảo,vườn nhà,"Lá, nhựa cây","Nhuận trường, chữa táo bón, kích thích tiêu hóa, chữa bỏng, tiểu đường, viêm da",
148,Lộc vừng hoa đỏ,Barringtonia acutangula (L.) Gaertn. ,Sim Myrtales,Ngọc lan,Lecythidaceae Lộc vừng ,Ngọc Lan Magnoliophyta,Thân gỗ,vườn nhà,"Vỏ, thân, quả ","Đau bụng, sốt, ỉa chảy, chữa chàm",
149,Lồng đèn,Physalis peruviana L.,Cà Solanales,Ngọc Lan,Solanaceae Cà  ,Ngọc Lan Magnoliophyta,Thân thảo,"vườn nhà, trảng cỏ",Toàn cây và quả ,"Chữa sốt, ho sưng họng, chữa mụn lở, phụ nữ sinh đẻ khó. ",
150,Lu Lu Đực,Solanum nigrum L. ,Cà Solanales,Ngọc Lan,Solanaceae Cà  ,Ngọc Lan Magnoliophyta,Thân thảo,"Ven rừng, trảng cỏ, rừng trồng",Cả cây,"Cảm sốt, viêm phế quản cấp, bệnh đường tiết niệu, viêm thận cấp, viêm tiền liệt tuyến, viêm vú, u ác tính. ",
151,Lục lạc,Crotalaria pallida Aiton.,Đậu Fabales,Ngọc Lan,Fabaceae Ðậu  ,Ngọc Lan Magnoliophyta,Thân gỗ,"ven đường, trảng cỏ, vườn nhà",Cả cây,"Chóng mặt, suy nhược thần kinh, di tinh, xuất tinh sớm, đau bụng. ",
152,Lược vàng trắng,Callisia fragrans,Thài lài Commelinales,Hành,Commelinaceae Thài lài ,Ngọc Lan Magnoliophyta,Thân thảo, vườn nhà,Cả cây,"chữa bệnh loét dạ dày tá tràng, gan, lợi tiểu, ngăn ngừa và điều trị các khối u trong cơ thể.",
153,Lưỡi rắn,Hedyotis burmanina R. Br,Long đởm Gentianales,Ngọc lan,Rubiaceae Cà phê  ,Ngọc Lan Magnoliophyta,Thân thảo,"ven đường, vườn nhà","Thân, lá","Chữa sốt, chữa ho, chữa ung thư.",
154,Mã đề,Plantago major L.,Hoa mõm sói Scrophulariales,Ngọc Lan,Plantaginaceae Mã đề ,Ngọc Lan Magnoliophyta,Thân thảo,"Rừng trồng, vườn nhà","Thân, lá","Chữa bí tiểu, viêm khí quản, đau mắt đỏ, mụn nhọt, côn trùng cắn.",
155,Mâm Xôi,Rubus alceaefolius Poir. ,Hoa hồng Rosales,Ngọc Lan,Rosaceae Hoa hồng ,Ngọc Lan Magnoliophyta,Dây leo,"ven đường, trảng cỏ, vườn nhà","Quả, cành lá -","Có tác dụng bổ can thận, giữ tinh khí, làm cường dương, mạnh sức.",
156,Màn màn hoa vàng,Cleome viscosa L,Màn màn Capparales,Ngọc lan,Capparaceae Màn màn  ,Ngọc Lan Magnoliophyta,Thân bụi,"ven đường, trảng cỏ, vườn nhà",Cả cây,"Nhức đầu, đau tai, chống chảy máu chân răng, khích tiêu hóa, chữa tê thấp, trị giun",
157,Màng Tang,Litsea cubeba (Lour.) Pers.,Long não Laurales,Ngọc lan,Lauraceae  Long não  ,Ngọc Lan Magnoliophyta,Thân gỗ,rừng,Cả cây,"chữa cảm lạnh, đau bụng lạnh.",
158,Mật nhân,Eurycoma longifolia Jack.,Cam Rutales,Ngọc Lan,Simaroubaceae Thanh thất ,Ngọc Lan Magnoliophyta,Thân gỗ,Rừng,Cả cây,"chữa khí hư, lỵ, nôn, mữa, đau xương, ăn uồng không tiêu, sốt",
159,Mắt Trâu cong,Desmodium styracifolium Merr.,Đậu Fabales,Ngọc Lan,Fabaceae Ðậu  ,Ngọc Lan Magnoliophyta,Thân thảo,Rừng,"vỏ, lá, quả","Chữa sỏi thận, khó tiêu, bàng quang",
160,Mè đất,"Leucas zeylanica (L.) R. Br., ",Hoa môi Lamiales,Ngọc lan,Lamiaceae Hoa môi  ,Ngọc Lan Magnoliophyta,thân thảo,"Rừng, trảng cỏ",Cả cây,"thuốc trị rắn cắn, trị sa dạ dày và chữa bệnh đau mắt Cảm mạo, ho; 2. Phong nhiệt tê đau, dạ dày và ruột không thông; 3. Ho gà",
161,mía dò hoa ngọn,Costus speciosus Smith,Gừng Zingiberales,Hành,Costaceae Mía dò ,Ngọc Lan Magnoliophyta,Thân thảo,"ven rừng,ven suối","Thân rễ, ngọn","thanh nhiệt, giải độc, lợi tiểu, tiêu thũng, chống viêm.",
162,Mít nài,Artocarpus rigudus Blume,Gai Urticales ,Ngọc lan,Moraceae Dâu tằm ,Ngọc Lan Magnoliophyta,Dây leo,"rừng, ven  suối","Nhựa cây, quả",Dùng thuốc đắp,
163,Mơ rừng,Paederia scandens (Lour.),Long đởm Gentianales,Ngọc lan,Rubiaceae Cà phê  ,Ngọc Lan Magnoliophyta,Thân gỗ ,"Rừng, vườn nhà","lá, thân, rễ","Dạ dày, tiêu hoá kém, viêm gan vàng da, viêm ruột, lỵ, đau nhức gân cốt",
164,Mơ tam thể,Paederia tomentosa L.,Long đởm Gentianales,Ngọc lan,Rubiaceae Cà phê  ,Ngọc Lan Magnoliophyta,Dây leo,vườn nhà,Lá,"dùng để chữa lỵ trực trùng và lỵ amip, đau đại tràng",
165,Mơ Trơn,Paederia foetida L.,Long đởm Gentianales,Ngọc lan,Rubiaceae Cà phê  ,Ngọc Lan Magnoliophyta,Thân thảo,"Trảng cỏ , ven rừng, rừng trồng",Lá,"Chữa sôi bụng, ăn không tiêu, viêm dạ dày",
166,Mộc hương,Saussurea lappa C. B. Clarke ,Cúc Asterales ,Ngọc lan,Asteraceae Cúc ,Ngọc Lan Magnoliophyta,Thân thảo,"Trảng cỏ , ven rừng, rừng trồng",Rễ,"Đầy bụng, ăn khó tiêu, dạ dày",
167,Móng ngựa,Angiopteris confertinervia Ching,Dương xỉ tòa sen Marattiales,Móng ngựa,Marattiaceae Móng ngựa ,Dương xỉ Polypodiophyta,Thân thảo,"Trảng cỏ , ven rừng, rừng trồng",Rễ,Xương khớp,
168,Mua,Melastoma candidum D. Don.,Sim Myrtales,Ngọc lan,Melastomataceae Mua . ,Ngọc Lan Magnoliophyta,Thân bụi,"Trảng cỏ , ven rừng, rừng trồng",Rễ và lá ,"Khó tiêu, viêm ruột, lỵ trực trùng, viêm gan, nôn ra máu, đau xương",
169,Mùi tàu,Eryngium foetidum L.,Hoa tán Apiales,Ngọc Lan,Apiaceae Hoa tán  ,Ngọc Lan Magnoliophyta,Thân thảo,"Trảng cỏ , ven rừng, rừng trồng",Cả cây,"Cảm mạo đau tức ngực, rối loạn tiêu hoá, viêm ruột ỉa chảy. ",
170,Muối,Rhus chinensis Mill ,Cam Rutales ,Ngọc Lan,Anacardiaceae Ðào lộn hột ,Ngọc Lan Magnoliophyta,Thân gỗ,Rừng,Cuống lá và lá bị sâu,"thổ huyết ăn uống không tiêu đi ỉa lỏng,trị mẩn ngứa ngoài da, ghẻ ngứa, ngứa sần, trẻ em mồ hôi trộm",
171,Muồng trâu,Cassia alata L.,Đậu Fabales,Ngọc lan,Fabaceae Ðậu  ,Ngọc Lan Magnoliophyta,Thân gỗ,Rừng,"Hạt, lá","Táo bón, lở ngữa ngoài da, chữa nấm lác, tẩy xổ",
172,Muồng Truổng,Zanthoxylum avicennae (Lamk.) DC. ,Cam Rutales ,Ngọc Lan,Rataceae Cam  ,Ngọc Lan Magnoliophyta,Thân gỗ,Rừng,"Rễ, lá và quả ","chữa mẩn ngứa, lở loét, ghẻ. trị đau dạ dày, đau bụng",
173,Náng hoa trắng,Crinum asisticum L. ,Thủy tiên Amaryllidales,Hành,Amaryllidaceae Thuỷ tiên ,Ngọc Lan Magnoliophyta,Thân thảo,Vườn nhà,Cả cây,"Đau họng, đau răng, viêm mủ da, đau các khớp xương, rắn cắn. ",
174,Nắp ấm trung bộ,Nepenthes annamensis Mac.,Nắm ấm Nepenthales,Ngọc Lan,Nepenthaceae Nắp ấm ,Ngọc Lan Magnoliophyta,dây leo,Rừng,Thân," tiêu viêm, ngứa, thanh nhiệt, bại liệt",
175,Nga truật,Curcuma zedoaria (Berg.) Roscoe ,Gừng Zingiberales,Hành,Zingiberaceae Gừng  ,Ngọc Lan Magnoliophyta,thân thảo,Rừng,Củ,"Chữa ho, kinh nguyệt không đều, ung thư, khó tiêu,",
176,Nga trưởng,Crypsinus oxylobus (Wall ex G. Kunze) Sledge,Dương xỉ Polypodiales,Dương xỉ,Polypodiaceae Ráng  ,Dương xỉ Polypodiophyta,Dây leo,Rừng,"thân, lá","sốt, ngoài da, khớp",
177,Ngà voi,Sansevieria cylindrica Bojer,Thùa Avagales,Hành,Dracaenaceae Bồng bồng  ,Ngọc Lan Magnoliophyta,thân thảo,Vườn nhà,lá,"sưng tấy, sai xương",
178,Ngái,Ficus hispida L. F.,Gai Urticales ,Ngọc Lan,Moraceae Dâu tằm ,Ngọc Lan Magnoliophyta,Thân gỗ,Rừng,Quả,,
179,Ngãi cứu,Artemisia vulgaris L.,Cúc Asterales ,Ngọc lan,Asteraceae Cúc ,Ngọc Lan Magnoliophyta,Thân thảo,Vườn nhà,"Lá, ngọn","Điều kinh, an thai, chữa lỵ, thổ huyết, máu cam, tăng huyết áp.",
180,Ngải mọi = nghệ rừng,Globba pendula Roxb. ,Gừng Zingiberales,Hành,Zingiberaceae Gừng  ,Ngọc Lan Magnoliophyta,thân thảo,Rừng,Cả cây,"sốt, thấp khớp, giải độc rượu",
181,Thành Nghạnh,Cratoxylum prunifolium Dyer,Bộ Sơ ri Malpighiales,Ngọc Lan,Clusiaceae Măng cụt ,Ngọc Lan Magnoliophyta,Thân gỗ,Rừng,"Lá non, vỏ thân, rễ.","Giúp tiêu hóa, phụ nữ sau khi đẻ ăn ngon",
182,Ngâu,Aglaia duperreana Pierre,Cam Rutales,Ngọc Lan,Meliacaeae Xoan ,Ngọc Lan Magnoliophyta,Thân gỗ,Rừng,"Hoa , lá","chữa sốt, vàng da, hen suyễn.",
183,Nghể,Polygonum hydropiper L. ,Rau răm Polygonales,Ngọc lan,Polygonaceae Rau răm ,Ngọc Lan Magnoliophyta,Thân thảo,Rừng,"lá, mủ","Làm thuốc cầm máu, nhuận trang, thông tiểu, chữa giun, chữa rắn cắn.",
184,Nghệ ,Curcuma longa L.,Gừng Zingiberales,Hành,Zingiberaceae Gừng  ,Ngọc Lan Magnoliophyta,Thân thảo,Vườn nhà,Củ,"Chữa viêm loét dạ dày, mụn nhọt, làm mờ sẹo, đau bụng ở sản phụ",
185,Nghể núi (Nghểnh bà),Polygonum nepalense Meisn.,Rau răm Polygonales,Ngọc lan,Polygonaceae Rau răm ,Ngọc Lan Magnoliophyta,Thân thảo,"Ven rừng, suối","Thân, lá","Cầm máu, nhuận tràng, tiểu buốt",
186,Ngũ trảo,Vitex negundo L.,Hoa môi Lamiales,Ngọc Lan,Verbenaceae Cỏ roi ngựa  ,Ngọc Lan Magnoliophyta,Thân bụi,"Ven đường, trảng cỏ, vườn nhà","quả, lá, rễ"," trị nhức mỏi gân cốt, trị sốt cách nhật, bán thân bất toại và bại liệt.  chữa kinh nguyệt không đều, bạch đới, cho ra mồ hôi, bớt nhức đầu, tim, hen suyễn.trị bệnh sốt rét, g trị ho. ăn ngon cơm, dễ tiêu hóa, chữa hen suyễn.",
187,Nhài,"Jasminum sambac (L.), Ait.",Hoa môi  Lamiales,ngọc lan,Oleaceaa Nhài  ,Ngọc Lan Magnoliophyta,Thân bụi,Vườn nhà,"hoa, lá, rễ","sốt, ỉa chảy, đau bụng, đau mắt, nhiệt",
188,Nhân trần,Andenosma caeruleum R.Br.,Hoa môi  Lamiales,Ngọc Lan,Scrophulariaceae Hoa mõm sói,Ngọc Lan Magnoliophyta,Thân thảo,"Vườn nhà, rưừng","Thân, lá","Lợi mật, lợi tiểu, thanh nhiệt, khích thích tiêu hóa",
189,Nhàu,Morinda citrifolia L.,Long đởm Gentianales,Ngọc Lan,Rubiaceae Cà phê  ,Ngọc Lan Magnoliophyta,Thân gỗ,"Vườn nhà, ven rừng","Rễ, lá, vỏ thân, quả","Hạ huyết áp, đau lưng, nhức mỏi",
190,Nhọ nồi,Eclipta alba Hassk. ,Cúc Asterales,Ngọc lan,Asteraceae Cúc ,Ngọc Lan Magnoliophyta,Thân thảo,"Ven đường, trảng cỏ, vườn nhà","Thân, lá","Cầm máu, ban sởi, ho, tưa lưỡi",
191,Nhọc trái khớp lá thuôn,Enicosanthellum plagionerum (Diel.) Ban,Na Annales,Ngọc Lan,Annonaceae Na  ,Ngọc Lan Magnoliophyta,Thân gỗ,Rừng,"Lá, vỏ","hoạt huyết giảm đau, khư phong trừ thấp, tiêu viêm giải độc.",
260,Ổ Kiến,Hydnophytum formicarum Jack,Long đởm Gentianales,Ngọc lan,Rubiaceae Cà phê  ,Ngọc Lan Magnoliophyta,phụ sinh,Rừng,"dây, hạt","Viêm gan, đau xương, ỉa chảy",
192,Ổi,Psidium guajava L.,Sim Myrtales,Ngọc lan,Myrtaceae Sim  ,Ngọc Lan Magnoliophyta,Thân gỗ,"ven đường, trảng cỏ, vườn nhà","lá, quả","ỉa chảy, viêm ruột cấp",
193,Ớt,Capsicum frutescens L. ,Cà Solanales,Ngọc Lan,Solanaceae Cà  ,Ngọc Lan Magnoliophyta,Thân bụi,"ven đường, trảng cỏ, vườn nhà","quả, lá, thân, rễ","Chữa ỉa chảy, sốt, long đờm, phong thấp, liệt",
195,Phèn Đen,Phyllanthus reticulatus Poir.,Thầu dầu Euphorbiales,Ngọc lan,Euphorbiaceae Thầu dầu -  ,Ngọc Lan Magnoliophyta,Thân thảo,"ven đường, trảng cỏ, vườn nhà","rễ, lá, vỏ, thân","lỵ, rắn cắn, vết thưuong",
196,Quất,Fortunella japonica (Thunb.) Swingle,Cam Rutales,Ngọc lan,Rataceae Cam  ,Ngọc Lan Magnoliophyta,Thân gỗ,vườn,"quả, hạt","chữa ho trẻ em, nôn mửa do lạnh bụng, ăn uống không tiêu, đàm vướng ở cổ họng, khô cổ khát nước",
197,Quế,Cinnamomum obtusifolium Nees. ,Long não Laurales,Ngọc lan,Lauraceae  Long não  ,Ngọc Lan Magnoliophyta,Thân gỗ,Rừng,"Vỏ cây, cành","đau bụng lạnh, phong tê bại, tiêu chảy, bế kinh, cảm lạnh",
198,Quyển Bá,Selaginella tamariscina (Beauv.) Spring.,Quyển bá Selaginellales,Quyển bá,Selaginellaceae Quyển bá ,Thông đất Lycopodiophyta,Thân thảo,"Rừng, ven suối",Cả cây,"Chữa bỏng lửa, Đâu đầu, vàng da. ung thư phổi, ung thư vòm họng.",
199,Quýt,Citrus deliciusae Tenore,Cam Rutales,Ngọc lan,Rataceae Cam  ,Ngọc Lan Magnoliophyta,Thân gỗ,vườn,"quả, hạt","chữa ho trẻ em, nôn mửa do lạnh bụng, ăn uống không tiêu, đàm vướng ở cổ họng, khô cổ khát nước",
200,Ráng dừa đông,Blechnum orientale L,Dương xỉ - Polypodiales,Dương xỉ,Blechnaceae Ráng dừa,Dương xỉ  Polypodiophyta,Thân giả gỗ,"Ven rừng, ven suối","Lá, thân","Chữa mụn nhọt và vết thương sưng tấy,hoặc phối hợp với lá Vông vang chữa rắn cắn.",
201,Rau dền gai,Amaranthus spinosus L.,Cẩm chướng Caryophyllales,Ngọc Lan,Amaranthaceae Rau dền ,Ngọc Lan Magnoliophyta,Thân thảo,"vườn nhà, rừng trồng, đát trống",Cả cây,"Giair nhiệt, trị bỏng, mụn nhọt, đau tim, rắn cắn",
202,Rau dớn,Diplazium esculentum (Retz) Sw,Dương xỉ Polypodiales,Dương xỉ,Athyriaceae Rau dớn ,Dương xỉ Polypodiophyta,Thân thảo,ven suối,Cả cây,sắc nước cho phụ nữ sinh đẻ uống.  ,
203,Râu Hùm,Tacca integrifolia  Ker-Gawl.,Râu hùm Taccales,Ngọc lan,Taccaceae Râu hùm ,Ngọc Lan Magnoliophyta,Thân thảo,ven suối,Thân rễ,chữa thấp khớp,
204,Rau má,Centella asiatica Urban,Hoa tán Apiales,Ngọc Lan,Apiaceae Hoa tán  ,Ngọc Lan Magnoliophyta,Thân thảo,"Ven suối, vườn nhà",Cả cây,"Giải nhiệt, sốt cao, chảy máu cam, mụn nhọt",
205,Rau má lá rau muống,Emilia sonchifolia DC.,Cúc Asterales ,Ngọc lan,Asteraceae Cúc ,Ngọc Lan Magnoliophyta,Thân bụi,"ven rừng, vườn nhà","thân , lá","mụn nhọt, sắc uống để chữa ho lâu ngày, hoặc ho lao và chữa sốt.",
206,Râu Mèo,Orthosiphon stamineus Merr,Hoa môi Lamiales,Ngọc Lan,Lamiaceae Hoa môi  ,Ngọc Lan Magnoliophyta,Thân thảo,ven rừng,"lá, ngọn","chữa sỏi thận, lợi tiểu, kháng viêm",
207,Rau ngót,Sauropus androgynus (L) Merr,Thầu dầu Euphorbiales,Ngọc lan,Euphorbiaceae Thầu dầu -  ,Ngọc Lan Magnoliophyta,Thân bụi,"ven đường,rừng trồng, vườn nhà","Thân, cành mang lá","thanh nhiệt, giải độc, chảy máu cam, trị táo bón",
208,Rau răm,Polygonum odoratum Lour,Rau răm Polygonales,Ngọc lan,Polygonaceae Rau răm ,Ngọc Lan Magnoliophyta,Thân thảo,Vườn nhà,Cành và lá ,"kích thích tiêu hoá, chữa dạ dày lạnh, đầy hơi đau bụng, kém ăn, co gân ",
209,Rau Tần,Coleus aromaticus Benth.,Hoa môi Lamiales,Ngọc Lan,Lamiaceae Hoa môi  ,Ngọc Lan Magnoliophyta,Thân thảo,Vườn nhà,Lá và ngọn non ,"Chữa cảm cúm, chữa ho, thổ huyết, chảy máu cam. Dùng ngoài giã đắp lên những vết bọ cạp cắn.",
210,Ráy,Alocasia odora (Roxb.) C. Koch.,Ráy Arales,Hành,Araceae Ráy  ,Ngọc Lan Magnoliophyta,Thân thảo,Suối,Thân rễ.,Chế cao dán mụn nhọt.,
211,Rẻ quạt,Belamcanda chinensis (L.) DC.,Lá đơn  Iridales ,Hành,Iridaceae Lá đơn ,Ngọc Lan Magnoliophyta,Thân thảo,vườn nhà,Thân rễ,"Chữa ho tưc ngực, viêm họng, viêm ami đan.",
212,Riềng nếp,Alpinia galanga (L.) Willd. ,Gừng Zingiberales,Hành,Zingiberaceae Gừng  ,Ngọc Lan Magnoliophyta,Thân thảo,"vườn nhà, rừng",Củ,"khớp, sốt, tiêu hóa, kiết lỵ, ho",
213,Sả,Cymbopogon citratus Stapf.,Lúa Poales,Hành,Poaceae Lúa  ,Ngọc Lan Magnoliophyta,Thân thảo,Vườn nhà,"Cả cây, tinh dầu","Chữa cảm sốt, đau bụng, đầy hơi",
214,Sa Bì,Hemigramma decurrens (Hook.) Cop.,Dương xỉ Polypodiales ,Dương xỉ,Aspidiaceae Tai đất  ,Dương xỉ Polypodiophyta,Thân thảo,"ven đường, trảng cỏ, vườn nhà",Thân rễ ,Trị bệnh lỵ. ,
215,Sa kê,Artocarpus altilis (Park) Forb.,Gai Urticales,Ngọc lan,Moraceae Dâu tằm ,Ngọc Lan Magnoliophyta,Thân gỗ,"ven đường, vườn nhà","rễ, thân, lá, vỏ, nhựa","răng, sỏi thận, tăng huyết áp, mụn, nhọt, rắn cắn",
216,Sâm Cau( Ngải cau),Curculigo orchioides Gaertn.,Thiên môn đông Asparagales,hành,Hypoxidaceae tỏi voi lùn,Ngọc Lan Magnoliophyta,Thân thảo,rừng,Rễ,"thuốc bổ, chữa ho, di tinh, đau ngực, ngực bị tổn thương.","Sách đỏ,VU A1c,d."
217,Sâm đại hành,Eleutherine bulbosa (Mill.) Urb,Lá đơn Iridales ,Hành,Iridaceae Lá đơn ,Ngọc Lan Magnoliophyta,Thân thảo,vườn nhà,Củ ,"Trị đinh nhọt, viêm họng, mẩn ngứa, bổ máu",
218,Sâm đất,Talinum patens L,Cẩm chướng Caryophyllales,Ngọc Lan,Portulacaceae rau sam ,Ngọc Lan Magnoliophyta,Thân thảo,"rừng , vườn nhà",Rễ và lá ,"Chữa mụn nhọt, lở ngứa, viêm niệu đạo, bàng quang, viêm tắc tuyến sữa, tai họng",
219,Sâm nam,Dipsacus japonicus Miq.,Tục đoạn Dipsacales,Ngọc lan,Dipsacaceae Tục đoạn ,Ngọc Lan Magnoliophyta,Thân thảo,rừng,rễ,"Chữa đau lưng, mỏi gối, di tinh, gãy xương, đứt gân do chấn thương, phong thấp gây đau nhức, động thai",
220,Sắn dây,Pueraria thomsoni Benth. ,Đậu Fabales,Ngọc lan,Fabaceae Ðậu  ,Ngọc Lan Magnoliophyta,Dây leo,vườn nhà,Củ,"Mất ngủ, hạ sốt, mụn nhọt, giải nhiệt",
221,Sao đen,Hopea odorata Roxb.,Bông Malvales ,Ngọc Lan,Dipterocarpaceae Dầu ,Ngọc Lan Magnoliophyta,Thân gỗ,"rừng, vườn nhà","Vỏ cây, nhựa ","Chữa viêm lợi, áp xe lợi và trị sâu răng.",
222,Sầu đâu rừng,"Brucea javanica (L.), Merr.",Cam Rutales,Ngọc Lan,Simaroubaceae Thanh thất ,Ngọc Lan Magnoliophyta,Thân gỗ,rừng,quả,"Chữa lỵ amip,sốt rét, giun đũa",
223,Sẻn gai,Zanthoxylum armatum DC.,Cam Rutales ,Ngọc Lan,Rataceae Cam  ,Ngọc Lan Magnoliophyta,Thân bụi,"Ven rừng,ven suối","Rễ, thân, quả, hạt, vỏ thân, lá -","Trị đau răng, đau bụng, dạ dày, đau đầu, ho, phong thấp đau nhức khớp, rắn độc cắn, mẩn ngứa ngoài da ",
224,Sẻng,Zanthoxylum acanthopodium DC.,Cam Rutales ,Ngọc Lan,Rataceae Cam  ,Ngọc Lan Magnoliophyta,Thân bụi,"Ven rừng,ven suối","Quả, rễ ","Chữa đau dạ dày, phong thấp đau nhức khớp xương, thương tổn bên trong gây đau bụng.",
225,Sim,Rhodomyrtus tomentosa (Ait.) Hassk.,Sim Myrtales,Ngọc lan,Myrtaceae Sim  ,Ngọc Lan Magnoliophyta,Thân bụi,"Ven trừng, trảng cỏ","Rễ, lá, quả","Rữa vết thương, vết loét, đi ỉa lỏng, ",
226,Sim rừng,Rhodamnia dumetorum (Poir.) Merr et Perry ,Sim Myrtales,Ngọc Lan,Myrtaceae Sim  ,Ngọc Lan Magnoliophyta,Thân bụi,"đồi núi, rừng, vườn nhà","vỏ, lá, quả","ỉa chảy, lợi răng, dạ dày",
227,Sổ xoan,Dillenia ovata Wall. Ex Hook. F.et Thoms.,Sổ Dilleniales,Ngọc lan,Dilleniaceae Sổ ,Ngọc Lan Magnoliophyta,Thân gỗ,Rừng,"quả, lá, vỏ","Giaải độc, chữa ho, sốt, đầy bụng",
228,Sói rừng,Sarcandra glabra (Thunb.) Nakai,Hoa sói Chloranthales,Ngọc Lan,Chloranthaceae Hoa sói ,Ngọc Lan Magnoliophyta,Thân bụi,"Rừng, ven suối",Cả cây,"hoạt huyết giảm đau, khư phong trừ thấp, tiêu viêm giải độc.",
229,Sòi tía,Sapium discolor (Champ.) Muell - Arg.,Thầu dầu Euphorbiales,Ngọc lan,Euphorbiaceae Thầu dầu -  ,Ngọc Lan Magnoliophyta,Thân gỗ,Rừng,Cả cây,"sỏi thận, viêm, mụn nhọt, áp xe vú",
230,Song bảo,Amphicarpaea edgeworthii Benth.,Đậu Fabales,Ngọc lan,Fabaceae Ðậu  ,Ngọc Lan Magnoliophyta,Dây leo,Rừng,"củ, rễ, quả","hen suyễn, viêm khí quản",
231,Song bào đá,Disporum trabeculatum Gagn.,Hành Liliales,Hành,Convallariaceae Mạch môn ,Ngọc Lan Magnoliophyta,Dây leo,rừng,Thân,"gan, mật",
232,Sống đời,Kalanchoe pinata (Lamk.) Pers.,Cỏ tai hổ Saxifragales,Ngọc Lan,Crassulaceae Thuốc bỏng ,Ngọc Lan Magnoliophyta,Thân bụi,Vườn nhà,lá,"trĩ, lỵ, mụn nhọt, viêm họng, viêm xoang",
233,Sung,Ficus racemosa L.,Gai Urticales,Ngọc lan,Moraceae Dâu tằm ,Ngọc Lan Magnoliophyta,Thân gỗ,Rừng,"lá, nhựa, vỏ cây, quả, lá","tiêu đờm, lợi tiểu, dạ dày, rắn cắn",
234,Sừng trâu,Holarrhena antidysenteria Wall,Long đởm Gentianales,Ngọc Lan,Apocynaceae Trúc đào ,Ngọc Lan Magnoliophyta,Thân gỗ,vườn nhà,"hạt, vỏ thân","Chữa lỵ amip, tiêu chảy, hạ sốt",
235,Tai Chuột,Dischidia acuminata Cost.,Long đởm Gentianales ,Ngọc lan,Asclepiadaceae Thiên lý ,Ngọc Lan Magnoliophyta,Dây leo,"Rừng, ven suối",Cả cây,"Viêm tiết niệu, thận",
236,Tầm bóp,Physalis angulata L.,Cà Solanales,Ngọc Lan,Solanaceae Cà  ,Ngọc Lan Magnoliophyta,Thân thảo,"trảng cỏ, ven đường",Cả cây,"Cảm sốt, ho, đinh nhọt",
237,Tang ký nô,Loranthus chinensis DC.,Tầm gửi Loranthales,Ngọc Lan,Loranthaceae Tầm gửi  ,Ngọc Lan Magnoliophyta,dây leo,"rừng, vườn nhà",Cả cây,"huyết áp, phong, khớp, đau bụng",
238,Tang ký sinh,Taxillus gracilifolius (Schult.) Ban ,Tầm gửi Loranthales,Ngọc Lan,Loranthaceae Tầm gửi  ,Ngọc Lan Magnoliophyta,dây leo,"vườn nhà, rừng",Cả cây,"phong, mụn nhọt, sốt",
239,Táo dại,Ziziphus oenoplia (L.) Mill.,Táo ta Rhamnales,Ngọc Lan,Rhamnaceae Táo ta  ,Ngọc Lan Magnoliophyta,Thân gỗ,"đồi, rừng","vỏ, hạt, rễ, lá","thuốc ngủ, an thần. Lá táo chữa viêm phế quản, đắp ngoài chữa lở loét, ung nhọt.",
240,Tàu Bay,Crassocephalum rabens S.MOORE ,Cúc Asterales ,Ngọc lan,Asteraceae Cúc ,Ngọc Lan Magnoliophyta,Thân thảo,"Rừng, trảng cỏ",lá,"giảm béo, rắn cắn",
241,Thạch Tùng,Lycopodium clavatum L.,Thông đất Lycopodiales,Thông đất,Lycopodiaceae Thông đất ,Thông đất Lycopodiophyta,Thân thảo,Rừng,"thân, lá","chua viem, khop, phoi",
242,Thạch Xương Bồ ,Acorus macrospadiceus (Yam.) F. N. Wei &Y. K. Li.,Ráy Arales,Hành,Araceae Ráy  ,Ngọc Lan Magnoliophyta,Thân thảo,Ven suối,Cả cây,"phong, viêm, khớp",
243,Thài Lài tía,Tradescantia zebrina Hort. ex London,Thài lài Commelinales,Hành,Commelinaceae Thài lài ,Ngọc Lan Magnoliophyta,Thân thảo,Ven suối,Cả cây,"Chữa viêm bàng quang cấp tính, làm thuốc lợi tiểu, chữa tiểu tiện khó, tiểu buốt, sỏi thận",
244,Thài lài trắng,Commelina diffusa Burm. f.,Thài lài Commelinales,Hành,Commelinaceae Thài lài ,Ngọc Lan Magnoliophyta,Thân thảo,Ven suối,"Rễ, thân ","Cảm cúm, kiết lỵ",
245,Thần Linh lá nhỏ,Kibantalia laurifolia (Rild.) Wooson.,Long đởm Gentianales,Ngọc Lan,Apocynaceae Trúc đào ,Ngọc Lan Magnoliophyta,Thân gỗ,Rừng,"Lá, vỏ","Chữa thấp khớp, đau nhức xương, tê bại, đau dạ dày, khó tiêu, đau bụng kinh. ",
246,Thàn mát,Milletia ichthyochtona Drake  ,Đậu Fabales,Ngọc lan,Fabaceae Ðậu  ,Ngọc Lan Magnoliophyta,Thân gỗ,Rừng,hạt,Trị ghẻ,
247,Thảo quyết minh,Cassia tora L.  ,Đậu Fabales,Ngọc lan,Fabaceae Ðậu  Caesalpiniaceae,Ngọc Lan Magnoliophyta,Thân thảo,"ven đường, trảng cỏ, vườn nhà","lá, tinh dầu, hạt","Chữa đau mắt đỏ, quáng gà, nhức đầu, cao huyết áp, mất ngủ, táo bón.",
248,Thầu dầu,Ricinus communis L.,Thầu dầu Euphorbiales,Ngọc lan,Euphorbiaceae Thầu dầu -  ,Ngọc Lan Magnoliophyta,Thân gỗ,"ven đường, vườn nhà",Tinh dầu,"Làm thuốc nhuận trường, tẩy xổ",
249,Thầu đâu,Azadirachta indica Juss f.,Cam Rutales,Ngọc Lan,Meliacaeae Xoan ,Ngọc Lan Magnoliophyta,Thân bụi,"ven đường, trảng cỏ, vườn nhà",Cả cây,"sốt rét, bong gân, ghẻ lở, rắn cắn",
250,Thiên niên kiện,Homalomena pierriana Engl.,Ráy Arales,Hành,Araceae Ráy  ,Ngọc Lan Magnoliophyta,Thân bụi,"rừng, ven suối",thân rễ,"Chữa thấp khớp, đau nhức xương, tê bại, đau dạ dày, khó tiêu, đau bụng kinh. ",
251,Thổ phục Linh,Smilax glabra Wall. ex Roxb. ,Hành Liliales,Hành,Smilacaceae Khúc khắc ,Ngọc Lan Magnoliophyta,Dây leo,"rừng, vườn nhà",Thân rễ,"Chữa phong thấp, viêm khớp, rối loạn tiêu hóa, đau bụng, tiêu chảy, mụn nhọt",
252,Thông thiên,Thevetia peruviana (Pars.) K. Schum,Long đởm Gentianales,Ngọc lan,Apocynaceae Trúc đào ,Ngọc Lan Magnoliophyta,Thân gỗ,Vườn nhà,lá,tim,
253,Thùa,Agave americana L.,Thủy tiên Amaryllidales,Hành,Agavaceae Dứa Mỹ  ,Ngọc Lan Magnoliophyta,Thân thảo,vườn nhà,Rễ,"Chữa đau nhức, thấp khớp, giúp tiêu hóa",
254,Thuốc mọi,Tournefopti montana Lour. ,Vòi voi Boraginales,Ngọc Lan,Boraginaceae Vòi voi ,Ngọc Lan Magnoliophyta,Thân gỗ,rừng,"lá, thân","thận, đau lưng",
255,Tía tô,Perilla frutescens (L.) Britton,Hoa môi Lamiales,Ngọc Lan,Lamiaceae Hoa môi  ,Ngọc Lan Magnoliophyta,Thân thảo,"ven đường, trảng cỏ, vườn nhà","quả, hạt, cành, lá","Giải nhiệt, lợi tiểu, an thai.",
256,Tiêu,Piper nigrum L.,Hồ tiêu Piperales,Ngọc Lan,Piperaceae Hồ tiêu ,Ngọc Lan Magnoliophyta,Dây leo,vườn nhà,hạt,"tiêu chảy, ho, phong thấp",
257,Tiêu Rừng,Piper Colubrinum link,Hồ tiêu Piperales,Ngọc Lan,Piperaceae Hồ tiêu ,Ngọc Lan Magnoliophyta,Dây leo,rừng,"dây, hạt","Kích thích tiêu hóa, giảmđau",
258,Tơ hồng,Cuscuta sinensis Lamk.,Khoai lang Convolvulales,Ngọc Lan,Convolvulaceae bìm bìm ,Ngọc Lan Magnoliophyta,Kí sinh,"ven đường, vườn nhà",Cả cây,"Dùng chữa thổ huyết, lỵ, ung nhọt, rôm sẩy...",
259,Tổ Kén ,Helicteres angustifolia L.,Bông Malvales,Ngọc Lan,Sterculiaceae Trôm ,Ngọc Lan Magnoliophyta,Thân bụi,ven suối,thân,"Chữa sốt rét, cảm mạo, viêm họng, tai, ỉa chảy, lỵ, viêm ruột, lở ngứa ngoài da, rắn cắn",
261,Tơ xanh,Cassytha filiformis L.,Long não Laurales,Ngọc lan,Lauraceae  Long não  ,Ngọc Lan Magnoliophyta,Bán kí sinh,"ven đường, trảng cỏ, vườn nhà","vỏ, thân","Thanh nhiệt, giải độc,ho do nóng phổi, mũi chảy máu, tiểu tiện ra máu, lở loét.",
262,Trắc bách diệp,Platycladus orientalis L.,Tùng Cyperales,Tùng,Cupressaceae Hoàng đàn,Thông Pinophyta,Thân gỗ, vườn nhà,Lá,"Cầm máu, giải độc",
263,Trầm hương,Aquilaria crassna Pierre ex Lecome,Trầm Thymelaeales,Ngọc lan,Thymelaeaceae Trầm ,Ngọc Lan Magnoliophyta,Thân gỗ,"Rừng, ","Quả, lá, cành, nhựa mủ.","Chữa nôn mửa, đau dạ dày",
264,Trâu cổ,Ficus pumila L. ,Gai Urticales,Ngọc lan,Moraceae Dâu tằm ,Ngọc Lan Magnoliophyta,Thân gỗ,rừng,"thân, lá","Tráng dương, thông sữa, đau lưng, lỵ lâu ngày, kinh nguyệt không đều, viêm tinh hoàn, phong thấp",
265,Tre- thiên trúc hoàng,Concretio Silicea Bambusae,Lúa Poales,Hành,Poaceae Lúa  ,Ngọc Lan Magnoliophyta,Thân bụi,"ven đường,  vườn nhà",lá,"Hen, ho, suyễn",
266,Trinh nữ hoàng cung,Crinum latifolium L.,Thủy tiên Amaryllidales,Hành,Amaryllidaceae Thuỷ tiên ,Ngọc Lan Magnoliophyta,Thân thảo,vườn nhà,Cả cây,"Điều trị một số dạng ung thư như ung thư phổi, ung thư tuyến tiền liệt, ung thư vú…",
71,Trúc đào,Nerium oleander L.,,Ngọc Lan,Apocynaceae Trúc đào ,Ngọc Lan Magnoliophyta,Thân gỗ,vườn nhà,Lá,"Chữa suy tim, khó thở",
267,trúc tiết,Homalocladium platycladum (F. Muelle ex Hook.) Bailey ,Rau răm Polygonales,Ngọc lan,Polygonaceae Rau răm ,Ngọc Lan Magnoliophyta,Thân gỗ,"ven đường, trảng cỏ, vườn nhà","Thân, lá",mụn nhọt và viêm mủ da (ung sang thũng độc) đòn ngã tổn thương rắn độc và rết cắn.,
268,Trứng ếch,Parthenium hysterophorus L.,Cúc Asterales ,Ngọc lan,Asteraceae Cúc ,Ngọc Lan Magnoliophyta,Dây leo,"Ven rừng, trảng cỏ, rừng trồng","thân mang lá, lá","ngoài da, đau nhức, làm săn da. ",
269,Vạn niên thanh lá sọc,Aglaonema costatum (Nutt.) N.E. Brown,Ráy Arales,Hành,Araceae Ráy  ,Ngọc Lan Magnoliophyta,Thân thảo,vườn nhà,Cả cây,"Rắn cắn, đau họng, trĩ, mụn nhọt, nhuận tràng",
270,Vàng đắng,Coscinium fenestratum (Gaertn.) Colebr.,Mao lương Ranunculales,Ngọc Lan,Menispermaceae Tiết dê ,Ngọc Lan Magnoliophyta,Dây leo,Rừng,"Thân, rễ","hạ nhiệt, chữa sốt rét, ỉa chảy",
271,Vối thuốc,Schima wallichii Choisy,Chè Theales,Ngọc lan,Theaceae Chè ,Ngọc Lan Magnoliophyta,thân gỗ,rừng,"Cành, lá","Làm thuốc ngủ, an thần, chữa cao huyết áp, chữa viêm phế quản mạn tính.",
272,Vòi voi,Heliotropium indicum L.,Vòi voi Boraginales,Ngọc lan,Boraginaceae Vòi voi ,Ngọc Lan Magnoliophyta,Thân thảo,"ven đường, trảng cỏ, vườn nhà","rễ, mủ","Trị ho, chống viêm, suyễn, ung thư.",
273,Vông nem,Erythrina variegata L.,Đậu Fabales,Ngọc Lan,Fabaceae Ðậu  ,Ngọc Lan Magnoliophyta,Thân gỗ,Rừng,"lá, vỏ thân","Chữa mất ngủ, an thần, hạ huyết áp, cảm sốt",
274,Vú Bò,Ficus heterophyllus L.,Gai Urticales,Ngọc lan,Moraceae Dâu tằm ,Ngọc Lan Magnoliophyta,Thân gỗ,Trảng cỏ,Cả cây,"Hư lao, tắc tia sữa, chữa phong thấp.",
275,Xá Xị ,Cinnamomum parthenoxylon Meissn.,Long não Laurales,Ngọc lan,Lauraceae  Long não  ,Ngọc Lan Magnoliophyta,Thân gỗ,Rừng,Cả cây,"Tinh dầu xoa bóp chữa đau do tê thấp, chữa đau bụng, viêm dạ dày, ruột, tiêu hoá kém,",
276,Xấu Hổ,Mimosa pudica L.,Đậu Fabales,Ngọc lan,Fabaceae Ðậu  ,Ngọc Lan Magnoliophyta,Thân thảo,"ven đường, trảng cỏ, vườn nhà",Cả cây,"Làm thuốc ngủ, an thần, chữa cao huyết áp, chữa viêm phế quản mạn tính, thấp khớp, đau lưng, nhức xương.",
277,Xích đồng nam,Clerodendrum kaempferi (Jacq.) Sieb. et Hassk.,Hoa môi Lamiales,Ngọc Lan,Verbenaceae Cỏ roi ngựa  ,Ngọc Lan Magnoliophyta,Thân bụi,"ven đường, trảng cỏ, vườn nhà",Vỏ thân và quả,"chữa khí hư, viêm tử cung, kinh nguyệt không đều, vàng da, mụn lở, huyết áp cao, đau khớp, xương",
278,Xoan nhừ,Choerospondias axillaris (Roxb.) Burtt et Hill,Cam Rutales,Ngọc Lan,Anacardiaceae Ðào lộn hột ,Ngọc Lan Magnoliophyta,Thân gỗ,Ven rừng,"Thân, lá","Trị tỳ vị hư yếu, ăn uống không tiêu đau bụng, ngoại thương xuất huyết, trị bỏng, mụn nhọt",
279,Xuân tiết,Justicia adhatoda L.,Hoa môi - Lamiales,Ngọc Lan,Acanthaceae Ô rô ,Ngọc Lan Magnoliophyta,Thân thảo,ven suối,Thân,"Trị ho, viêm phế quản mạn tính, hen suyễn, lao phổi, trị thấp khớp và làm thuốc sát trùng.",
280,Xuyên tâm liên,Andrographis paniculata (Burm.f.) Wall. ex Nees,Hoa môi - Lamiales,Ngọc Lan,Acanthaceae Ô rô ,Ngọc Lan Magnoliophyta,Thân bụi,"vườn nhà, rừng","Thân, lá","Chữa viêm họng, mụn nhọt, vết thương ngoài da",
,,,,,,,,,,,
,,,,,,,,,,,
,,,,,,,,,,,
,,,,,,,,,,,
,,,,,,,,,,,
,,,,,,,,,,,
,,,,,,,,0.1857142857,,,
,,,,,,,,,,,
,,,,,,,,,,,
,,,,,,,,,,,
,,,,,,,,,,,
,,,,,,,,,,,
,,,,,,,,,,,
,,,,,,,,,,,
,,,,,,,,,,,
,,,,,,,,,,,
,,,,,,,,,,,
,,,,,,,,,,,
,,,,,,,,,,,
,,,,,,,,,,,
,,,,,,,,,,,
,,,,,,,,,,,
,,,,,,,,,,,
,,,,,,,,,,,
,,,,,,,,,,,
,,,,,,,,,,,
,,,,,,,,,,,
,,,,,,,,,,,
,,,,,,,,,,,
,,,,,,,,,,,
,,,,,,,,,,,
,,,,,,,,,,,
,,,,,,,,,,,
,,,,,,,,,,,
,,,,,,,,,,,
,,,,,,,,,,,
,,,,,,,,,,,
,,,,,,,,,,,
,,,,,,,,,,,
,,,,,,,,,,,
,,,,,,,,,,,
,,,,,,,,,,,
,,,,,,,,,,,
,,0.1571428571,,,,,,,,,
